ENHG Lemma,MHG Candidates,Link
bringen,brèngen,https://www.dwds.de/wb/etymwb/bringen
ansehen,schëhen,https://www.dwds.de/wb/etymwb/ansehen
stehen,stân,https://www.dwds.de/wb/etymwb/stehen
geben,gëben,https://www.dwds.de/wb/etymwb/geben
thun,,https://www.dwds.de/wb/etymwb/thun
liegen,ligen; liègen,https://www.dwds.de/wb/etymwb/liegen
fahen,,https://www.dwds.de/wb/etymwb/fahen
aufschlieszen,,https://www.dwds.de/wb/etymwb/aufschlieszen
sprechen,sprëchen,https://www.dwds.de/wb/etymwb/sprechen
tragen,tragen,https://www.dwds.de/wb/etymwb/tragen
verdrieszen,,https://www.dwds.de/wb/etymwb/verdrieszen
fliehen,vlièhen,https://www.dwds.de/wb/etymwb/fliehen
dringen,dringen,https://www.dwds.de/wb/etymwb/dringen
behalten,halten,https://www.dwds.de/wb/etymwb/behalten
beschaffen,schaffen,https://www.dwds.de/wb/etymwb/beschaffen
setzen,sîten,https://www.dwds.de/wb/etymwb/setzen
gleichen,glîchen,https://www.dwds.de/wb/etymwb/gleichen
gesenden,,https://www.dwds.de/wb/etymwb/gesenden
nehmen,nëmen,https://www.dwds.de/wb/etymwb/nehmen
auf|abwachsen,,https://www.dwds.de/wb/etymwb/auf|abwachsen
heiszen,,https://www.dwds.de/wb/etymwb/heiszen
gehen,gân,https://www.dwds.de/wb/etymwb/gehen
kommen,komen,https://www.dwds.de/wb/etymwb/kommen
begreifen,grîfen,https://www.dwds.de/wb/etymwb/begreifen
sehen,sËhen,https://www.dwds.de/wb/etymwb/sehen
sagen,sachen,https://www.dwds.de/wb/etymwb/sagen
machen,mêchen,https://www.dwds.de/wb/etymwb/machen
halten,halten,https://www.dwds.de/wb/etymwb/halten
zugefahen,,https://www.dwds.de/wb/etymwb/zugefahen
beschlieszen,,https://www.dwds.de/wb/etymwb/beschlieszen
verlieren,vliègen; vlièzen,https://www.dwds.de/wb/etymwb/verlieren
schlagen,slahen,https://www.dwds.de/wb/etymwb/schlagen
ziehen,zîhen,https://www.dwds.de/wb/etymwb/ziehen
zwagen,wahen; wâzen,https://www.dwds.de/wb/etymwb/zwagen
finden,vinden,https://www.dwds.de/wb/etymwb/finden
sitzen,"[""sitzen""; ""sièden""",https://www.dwds.de/wb/etymwb/sitzen
schreiben,schrîben,https://www.dwds.de/wb/etymwb/schreiben
essen,ëzzen,https://www.dwds.de/wb/etymwb/essen
unterscheiden,schîden,https://www.dwds.de/wb/etymwb/unterscheiden
flieszen,,https://www.dwds.de/wb/etymwb/flieszen
empfinden,enphallen,https://www.dwds.de/wb/etymwb/empfinden
zerbrechen,,https://www.dwds.de/wb/etymwb/zerbrechen
brechen,brëchen,https://www.dwds.de/wb/etymwb/brechen
umfangen,,https://www.dwds.de/wb/etymwb/umfangen
schlafen,slâfen,https://www.dwds.de/wb/etymwb/schlafen
wachsen,wahsen; wâzen,https://www.dwds.de/wb/etymwb/wachsen
ausreiszen,,https://www.dwds.de/wb/etymwb/ausreiszen
beleiben,,https://www.dwds.de/wb/etymwb/beleiben
auswachsen,,https://www.dwds.de/wb/etymwb/auswachsen
verstehen,stân,https://www.dwds.de/wb/etymwb/verstehen
betrüben,drôen; trëchen,https://www.dwds.de/wb/etymwb/betrüben
inziehen,,https://www.dwds.de/wb/etymwb/inziehen
ausgehen,gân,https://www.dwds.de/wb/etymwb/ausgehen
fallen,vallen,https://www.dwds.de/wb/etymwb/fallen
gerennen,,https://www.dwds.de/wb/etymwb/gerennen
arbeiten,binten,https://www.dwds.de/wb/etymwb/arbeiten
klimmen,klimmen,https://www.dwds.de/wb/etymwb/klimmen
sterben,stërben,https://www.dwds.de/wb/etymwb/sterben
gesehen,,https://www.dwds.de/wb/etymwb/gesehen
werfen,wërfen,https://www.dwds.de/wb/etymwb/werfen
bedürfen,durfen,https://www.dwds.de/wb/etymwb/bedürfen
geschehen,schëhen; schînen,https://www.dwds.de/wb/etymwb/geschehen
entschlieszen,,https://www.dwds.de/wb/etymwb/entschlieszen
fahren,varen,https://www.dwds.de/wb/etymwb/fahren
stoszen,,https://www.dwds.de/wb/etymwb/stoszen
entspringen,springen,https://www.dwds.de/wb/etymwb/entspringen
aufgehen,gân,https://www.dwds.de/wb/etymwb/aufgehen
wissen,wîsen,https://www.dwds.de/wb/etymwb/wissen
verderben,dërben,https://www.dwds.de/wb/etymwb/verderben
berauben,,https://www.dwds.de/wb/etymwb/berauben
reiszen,,https://www.dwds.de/wb/etymwb/reiszen
verlassen,lîzen,https://www.dwds.de/wb/etymwb/verlassen
gewinnen,winnen,https://www.dwds.de/wb/etymwb/gewinnen
verschlinden,,https://www.dwds.de/wb/etymwb/verschlinden
verhauen,houwen,https://www.dwds.de/wb/etymwb/verhauen
trinken,trinken,https://www.dwds.de/wb/etymwb/trinken
erkennen,knëten,https://www.dwds.de/wb/etymwb/erkennen
gereden,,https://www.dwds.de/wb/etymwb/gereden
führen,vrièsen,https://www.dwds.de/wb/etymwb/führen
gewachsen,,https://www.dwds.de/wb/etymwb/gewachsen
aufheben,,https://www.dwds.de/wb/etymwb/aufheben
laufen,"[""loufen""",https://www.dwds.de/wb/etymwb/laufen
schreien,schrîen; schrîten,https://www.dwds.de/wb/etymwb/schreien
geschwellen,,https://www.dwds.de/wb/etymwb/geschwellen
verbieten,biten,https://www.dwds.de/wb/etymwb/verbieten
verschneiden,snîden; schîden,https://www.dwds.de/wb/etymwb/verschneiden
schicken,schièzen,https://www.dwds.de/wb/etymwb/schicken
aus|eintragen,,https://www.dwds.de/wb/etymwb/aus|eintragen
auskommen,komen; kîmen,https://www.dwds.de/wb/etymwb/auskommen
bleiben,lîben,https://www.dwds.de/wb/etymwb/bleiben
behüten,vëhten,https://www.dwds.de/wb/etymwb/behüten
scheinen,schînen,https://www.dwds.de/wb/etymwb/scheinen
steigen,stîgen,https://www.dwds.de/wb/etymwb/steigen
aufhalten,,https://www.dwds.de/wb/etymwb/aufhalten
hangen,,https://www.dwds.de/wb/etymwb/hangen
geziehen,,https://www.dwds.de/wb/etymwb/geziehen
geleiden,,https://www.dwds.de/wb/etymwb/geleiden
leiden,lîden,https://www.dwds.de/wb/etymwb/leiden
abschneiden,snîden,https://www.dwds.de/wb/etymwb/abschneiden
fliegen,vliègen,https://www.dwds.de/wb/etymwb/fliegen
gesterben,,https://www.dwds.de/wb/etymwb/gesterben
verzehren,zîhen,https://www.dwds.de/wb/etymwb/verzehren
binden,binden,https://www.dwds.de/wb/etymwb/binden
beginnen,ginnen,https://www.dwds.de/wb/etymwb/beginnen
zerflieszen,,https://www.dwds.de/wb/etymwb/zerflieszen
anstehen,,https://www.dwds.de/wb/etymwb/anstehen
genesen,gëzen; ginnen,https://www.dwds.de/wb/etymwb/genesen
erfüllen,,https://www.dwds.de/wb/etymwb/erfüllen
verkommen,kîmen,https://www.dwds.de/wb/etymwb/verkommen
brennen,brinnen,https://www.dwds.de/wb/etymwb/brennen
reden,rëden,https://www.dwds.de/wb/etymwb/reden
lassen,lâzen,https://www.dwds.de/wb/etymwb/lassen
leben,lîben,https://www.dwds.de/wb/etymwb/leben
erziehen,zièhen,https://www.dwds.de/wb/etymwb/erziehen
auswerfen,wërfen,https://www.dwds.de/wb/etymwb/auswerfen
entfliehen,enphallen; enphâhen,https://www.dwds.de/wb/etymwb/entfliehen
entschlingen,,https://www.dwds.de/wb/etymwb/entschlingen
zwingen,twingen; dwingen,https://www.dwds.de/wb/etymwb/zwingen
bekennen,kînen,https://www.dwds.de/wb/etymwb/bekennen
einziehen,,https://www.dwds.de/wb/etymwb/einziehen
gewerfen,,https://www.dwds.de/wb/etymwb/gewerfen
laden,laden,https://www.dwds.de/wb/etymwb/laden
erleiden,lîden,https://www.dwds.de/wb/etymwb/erleiden
entweichen,wîchen,https://www.dwds.de/wb/etymwb/entweichen
abreiszen,,https://www.dwds.de/wb/etymwb/abreiszen
schwimmen,swimmen,https://www.dwds.de/wb/etymwb/schwimmen
fressen,vrèischen,https://www.dwds.de/wb/etymwb/fressen
gefallen,vallen,https://www.dwds.de/wb/etymwb/gefallen
angreifen,grîfen,https://www.dwds.de/wb/etymwb/angreifen
bitten,biten; bitten,https://www.dwds.de/wb/etymwb/bitten
austragen,,https://www.dwds.de/wb/etymwb/austragen
fangen,vâhen,https://www.dwds.de/wb/etymwb/fangen
begraben,graben,https://www.dwds.de/wb/etymwb/begraben
gehören,,https://www.dwds.de/wb/etymwb/gehören
fechten,vëhten,https://www.dwds.de/wb/etymwb/fechten
treiben,trîben,https://www.dwds.de/wb/etymwb/treiben
überwinden,,https://www.dwds.de/wb/etymwb/überwinden
durchgraben,,https://www.dwds.de/wb/etymwb/durchgraben
übereintragen,,https://www.dwds.de/wb/etymwb/übereintragen
springen,springen,https://www.dwds.de/wb/etymwb/springen
geleichen,,https://www.dwds.de/wb/etymwb/geleichen
erscheinen,schînen,https://www.dwds.de/wb/etymwb/erscheinen
singen,singen,https://www.dwds.de/wb/etymwb/singen
entschlafen,slâfen; slâhen,https://www.dwds.de/wb/etymwb/entschlafen
zerreiszen,,https://www.dwds.de/wb/etymwb/zerreiszen
vertreiben,trîben,https://www.dwds.de/wb/etymwb/vertreiben
verschwinden,swînen,https://www.dwds.de/wb/etymwb/verschwinden
gebären,bërgen,https://www.dwds.de/wb/etymwb/gebären
ruhen,ruofen,https://www.dwds.de/wb/etymwb/ruhen
hin|herschwimmen,,https://www.dwds.de/wb/etymwb/hin|herschwimmen
hinkommen,,https://www.dwds.de/wb/etymwb/hinkommen
stechen,stëchen; stëcken,https://www.dwds.de/wb/etymwb/stechen
befinden,binten,https://www.dwds.de/wb/etymwb/befinden
erheben,hëben,https://www.dwds.de/wb/etymwb/erheben
gesprechen,,https://www.dwds.de/wb/etymwb/gesprechen
erlöschen,lëschen,https://www.dwds.de/wb/etymwb/erlöschen
benehmen,nĕmen,https://www.dwds.de/wb/etymwb/benehmen
antworten,,https://www.dwds.de/wb/etymwb/antworten
gebrechen,brëchen,https://www.dwds.de/wb/etymwb/gebrechen
vollbringen,,https://www.dwds.de/wb/etymwb/vollbringen
enfliehen,,https://www.dwds.de/wb/etymwb/enfliehen
streiten,"[""strîten""",https://www.dwds.de/wb/etymwb/streiten
begehren,bêrgen,https://www.dwds.de/wb/etymwb/begehren
besitzen,s i t z e n,https://www.dwds.de/wb/etymwb/besitzen
eingefallen,,https://www.dwds.de/wb/etymwb/eingefallen
fürsehen,,https://www.dwds.de/wb/etymwb/fürsehen
anbitten,,https://www.dwds.de/wb/etymwb/anbitten
umgeben,gëben,https://www.dwds.de/wb/etymwb/umgeben
siegen,sîgen,https://www.dwds.de/wb/etymwb/siegen
lesen,lièsen; lësen,https://www.dwds.de/wb/etymwb/lesen
abreiten,,https://www.dwds.de/wb/etymwb/abreiten
leihen,lîhen,https://www.dwds.de/wb/etymwb/leihen
gelten,gëlten,https://www.dwds.de/wb/etymwb/gelten
abschlagen,slâhen,https://www.dwds.de/wb/etymwb/abschlagen
reiten,rîten,https://www.dwds.de/wb/etymwb/reiten
bezahlen,zëmen,https://www.dwds.de/wb/etymwb/bezahlen
streichen,strîchen,https://www.dwds.de/wb/etymwb/streichen
wägen,wëgen,https://www.dwds.de/wb/etymwb/wägen
einnehmen,,https://www.dwds.de/wb/etymwb/einnehmen
ausreiten,,https://www.dwds.de/wb/etymwb/ausreiten
wiederreiten,,https://www.dwds.de/wb/etymwb/wiederreiten
legen,ligen,https://www.dwds.de/wb/etymwb/legen
enpfehlen,,https://www.dwds.de/wb/etymwb/enpfehlen
ausnehmen,,https://www.dwds.de/wb/etymwb/ausnehmen
wi(e)dergeben,,https://www.dwds.de/wb/etymwb/wi(e)dergeben
nennen,nēmen,https://www.dwds.de/wb/etymwb/nennen
verkaufen,,https://www.dwds.de/wb/etymwb/verkaufen
helfen,hëlfen,https://www.dwds.de/wb/etymwb/helfen
abgehen,gân,https://www.dwds.de/wb/etymwb/abgehen
bergen,bërgen,https://www.dwds.de/wb/etymwb/bergen
ankommen,kommen; kîmen,https://www.dwds.de/wb/etymwb/ankommen
abziehen,zîhen,https://www.dwds.de/wb/etymwb/abziehen
senden,s i n n e n,https://www.dwds.de/wb/etymwb/senden
einbringen,,https://www.dwds.de/wb/etymwb/einbringen
ausgeben,gëben,https://www.dwds.de/wb/etymwb/ausgeben
ausziehen,zîhen,https://www.dwds.de/wb/etymwb/ausziehen
widerstehen,,https://www.dwds.de/wb/etymwb/widerstehen
rufen,ruofen,https://www.dwds.de/wb/etymwb/rufen
empfangen,enphâhen; enphallen,https://www.dwds.de/wb/etymwb/empfangen
empfahen,,https://www.dwds.de/wb/etymwb/empfahen
vergessen,vrèischen,https://www.dwds.de/wb/etymwb/vergessen
durren,,https://www.dwds.de/wb/etymwb/durren
zukommen,komen,https://www.dwds.de/wb/etymwb/zukommen
verdammen,d i n g e n,https://www.dwds.de/wb/etymwb/verdammen
wi(e)derfahren,,https://www.dwds.de/wb/etymwb/wi(e)derfahren
waschen,waschen,https://www.dwds.de/wb/etymwb/waschen
heilen,hëlen,https://www.dwds.de/wb/etymwb/heilen
ledigen,,https://www.dwds.de/wb/etymwb/ledigen
verhängen,,https://www.dwds.de/wb/etymwb/verhängen
brinnen,,https://www.dwds.de/wb/etymwb/brinnen
scheiden,schèiden,https://www.dwds.de/wb/etymwb/scheiden
erwerben,wërben,https://www.dwds.de/wb/etymwb/erwerben
entbinden,binden,https://www.dwds.de/wb/etymwb/entbinden
anrufen,,https://www.dwds.de/wb/etymwb/anrufen
unterwinden,,https://www.dwds.de/wb/etymwb/unterwinden
entsprossen,,https://www.dwds.de/wb/etymwb/entsprossen
entpfangen,,https://www.dwds.de/wb/etymwb/entpfangen
verleihen,lîhen,https://www.dwds.de/wb/etymwb/verleihen
fürchten,vrîten; vrèischen,https://www.dwds.de/wb/etymwb/fürchten
üben,wëben,https://www.dwds.de/wb/etymwb/üben
stärken,stërzen,https://www.dwds.de/wb/etymwb/stärken
anfechten,vëhten,https://www.dwds.de/wb/etymwb/anfechten
verbleichen,blîchen,https://www.dwds.de/wb/etymwb/verbleichen
wi(e)derkommen,,https://www.dwds.de/wb/etymwb/wi(e)derkommen
stellen,stëlen,https://www.dwds.de/wb/etymwb/stellen
betrügen,bieten,https://www.dwds.de/wb/etymwb/betrügen
übergieszen,,https://www.dwds.de/wb/etymwb/übergieszen
verweisen,wîzen,https://www.dwds.de/wb/etymwb/verweisen
getrauen,,https://www.dwds.de/wb/etymwb/getrauen
bescheiden,schîden,https://www.dwds.de/wb/etymwb/bescheiden
vergieszen,,https://www.dwds.de/wb/etymwb/vergieszen
befehlen,bieten,https://www.dwds.de/wb/etymwb/befehlen
antragen,tragen,https://www.dwds.de/wb/etymwb/antragen
lügen,ligen[!,https://www.dwds.de/wb/etymwb/lügen
vergeben,"[""gëben""",https://www.dwds.de/wb/etymwb/vergeben
angehen,"[""gân""; ""gên""",https://www.dwds.de/wb/etymwb/angehen
wähnen,wahen,https://www.dwds.de/wb/etymwb/wähnen
annehmen,,https://www.dwds.de/wb/etymwb/annehmen
überheben,,https://www.dwds.de/wb/etymwb/überheben
verwerfen,wërfen,https://www.dwds.de/wb/etymwb/verwerfen
zeihen,zîhen; zièhen,https://www.dwds.de/wb/etymwb/zeihen
bezwingen,dwingen; twingen,https://www.dwds.de/wb/etymwb/bezwingen
erdenken,,https://www.dwds.de/wb/etymwb/erdenken
vermeiden,mîden,https://www.dwds.de/wb/etymwb/vermeiden
beweisen,wîzen; wîsen,https://www.dwds.de/wb/etymwb/beweisen
bestehen,binten,https://www.dwds.de/wb/etymwb/bestehen
vermögen,mugen; mügen,https://www.dwds.de/wb/etymwb/vermögen
beharren,,https://www.dwds.de/wb/etymwb/beharren
abnehmen,,https://www.dwds.de/wb/etymwb/abnehmen
kaufen,,https://www.dwds.de/wb/etymwb/kaufen
mahlen,malen,https://www.dwds.de/wb/etymwb/mahlen
anheben,,https://www.dwds.de/wb/etymwb/anheben
ausbringen,,https://www.dwds.de/wb/etymwb/ausbringen
auffliegen,,https://www.dwds.de/wb/etymwb/auffliegen
gestehen,,https://www.dwds.de/wb/etymwb/gestehen
überbleiben,,https://www.dwds.de/wb/etymwb/überbleiben
wiegen,wîgen; wigen,https://www.dwds.de/wb/etymwb/wiegen
rinnen,rinnen; rînen,https://www.dwds.de/wb/etymwb/rinnen
fragen,,https://www.dwds.de/wb/etymwb/fragen
treffen,trëffen,https://www.dwds.de/wb/etymwb/treffen
suchen,,https://www.dwds.de/wb/etymwb/suchen
anfahen,,https://www.dwds.de/wb/etymwb/anfahen
warten,walten,https://www.dwds.de/wb/etymwb/warten
zugeben,gëben,https://www.dwds.de/wb/etymwb/zugeben
bieten,bièten; biten,https://www.dwds.de/wb/etymwb/bieten
bessern,,https://www.dwds.de/wb/etymwb/bessern
unterweisen,wîsen,https://www.dwds.de/wb/etymwb/unterweisen
hören,,https://www.dwds.de/wb/etymwb/hören
riechen,rièchen; rîchen,https://www.dwds.de/wb/etymwb/riechen
schmecken,smiègen,https://www.dwds.de/wb/etymwb/schmecken
greifen,grîfen,https://www.dwds.de/wb/etymwb/greifen
gebrauchen,b r i u w e n,https://www.dwds.de/wb/etymwb/gebrauchen
verbringen,,https://www.dwds.de/wb/etymwb/verbringen
stehlen,stëlen,https://www.dwds.de/wb/etymwb/stehlen
verschweigen,swîgen,https://www.dwds.de/wb/etymwb/verschweigen
betriegen,,https://www.dwds.de/wb/etymwb/betriegen
anbeiszen,,https://www.dwds.de/wb/etymwb/anbeiszen
raten,râten,https://www.dwds.de/wb/etymwb/raten
strafen,"[""strîten""",https://www.dwds.de/wb/etymwb/strafen
übergeben,gëben,https://www.dwds.de/wb/etymwb/übergeben
nachtragen,,https://www.dwds.de/wb/etymwb/nachtragen
neiden,mîden; nîden,https://www.dwds.de/wb/etymwb/neiden
hassen,hâhen; hêzen,https://www.dwds.de/wb/etymwb/hassen
fordern,binten,https://www.dwds.de/wb/etymwb/fordern
hoffen,hopen,https://www.dwds.de/wb/etymwb/hoffen
trösten,schrôten,https://www.dwds.de/wb/etymwb/trösten
verhalten,halten,https://www.dwds.de/wb/etymwb/verhalten
dienen,,https://www.dwds.de/wb/etymwb/dienen
weisen,wîsen,https://www.dwds.de/wb/etymwb/weisen
herrschen,hèischen,https://www.dwds.de/wb/etymwb/herrschen
heben,hèben,https://www.dwds.de/wb/etymwb/heben
aufstehen,stên,https://www.dwds.de/wb/etymwb/aufstehen
klagen,,https://www.dwds.de/wb/etymwb/klagen
fürtragen,,https://www.dwds.de/wb/etymwb/fürtragen
schelten,schëlten; schëlen,https://www.dwds.de/wb/etymwb/schelten
schwören,swèren; swëren,https://www.dwds.de/wb/etymwb/schwören
schweigen,swîgen,https://www.dwds.de/wb/etymwb/schweigen
zuschreiben,schrîben,https://www.dwds.de/wb/etymwb/zuschreiben
nachgehen,,https://www.dwds.de/wb/etymwb/nachgehen
stinken,stinken,https://www.dwds.de/wb/etymwb/stinken
rächen,rëchen,https://www.dwds.de/wb/etymwb/rächen
niederwerfen,,https://www.dwds.de/wb/etymwb/niederwerfen
versuchen,sachen,https://www.dwds.de/wb/etymwb/versuchen
schaffen,schaffen,https://www.dwds.de/wb/etymwb/schaffen
wünschen,wîchen,https://www.dwds.de/wb/etymwb/wünschen
beschehen,,https://www.dwds.de/wb/etymwb/beschehen
gedenken,ginnen,https://www.dwds.de/wb/etymwb/gedenken
überlesen,,https://www.dwds.de/wb/etymwb/überlesen
zweifeln,twëlen,https://www.dwds.de/wb/etymwb/zweifeln
anziehen,zîhen,https://www.dwds.de/wb/etymwb/anziehen
wohnen,wîgen,https://www.dwds.de/wb/etymwb/wohnen
hängen,"[""hâhen""",https://www.dwds.de/wb/etymwb/hängen
jehen,,https://www.dwds.de/wb/etymwb/jehen
begehen,biègen,https://www.dwds.de/wb/etymwb/begehen
erschrecken,schrëcken,https://www.dwds.de/wb/etymwb/erschrecken
verstoszen,,https://www.dwds.de/wb/etymwb/verstoszen
gereuen,,https://www.dwds.de/wb/etymwb/gereuen
abbrechen,,https://www.dwds.de/wb/etymwb/abbrechen
aufnehmen,,https://www.dwds.de/wb/etymwb/aufnehmen
dünken,dingsen,https://www.dwds.de/wb/etymwb/dünken
hingeben,gëben,https://www.dwds.de/wb/etymwb/hingeben
vorlesen,,https://www.dwds.de/wb/etymwb/vorlesen
erfahren,varen,https://www.dwds.de/wb/etymwb/erfahren
beschweren,swären,https://www.dwds.de/wb/etymwb/beschweren
überfinden,,https://www.dwds.de/wb/etymwb/überfinden
geturren,,https://www.dwds.de/wb/etymwb/geturren
aufstoszen,,https://www.dwds.de/wb/etymwb/aufstoszen
anthun,,https://www.dwds.de/wb/etymwb/anthun
sinken,sinken,https://www.dwds.de/wb/etymwb/sinken
treten,trëten,https://www.dwds.de/wb/etymwb/treten
ablassen,lâzen,https://www.dwds.de/wb/etymwb/ablassen
umziehen,zîhen,https://www.dwds.de/wb/etymwb/umziehen
ausfahren,,https://www.dwds.de/wb/etymwb/ausfahren
hinfahren,,https://www.dwds.de/wb/etymwb/hinfahren
aufthun,,https://www.dwds.de/wb/etymwb/aufthun
beistehen,binten,https://www.dwds.de/wb/etymwb/beistehen
beschreiben,schrîben,https://www.dwds.de/wb/etymwb/beschreiben
zergehn,,https://www.dwds.de/wb/etymwb/zergehn
verscheiden,schîden,https://www.dwds.de/wb/etymwb/verscheiden
bedenken,biten; bieten,https://www.dwds.de/wb/etymwb/bedenken
zufallen,vallen,https://www.dwds.de/wb/etymwb/zufallen
eingeben,gëben,https://www.dwds.de/wb/etymwb/eingeben
beiszen,,https://www.dwds.de/wb/etymwb/beiszen
preisen,brîsen,https://www.dwds.de/wb/etymwb/preisen
festhalten,,https://www.dwds.de/wb/etymwb/festhalten
entbieten,biten,https://www.dwds.de/wb/etymwb/entbieten
reichen,rîchen,https://www.dwds.de/wb/etymwb/reichen
austhun,,https://www.dwds.de/wb/etymwb/austhun
abthun,,https://www.dwds.de/wb/etymwb/abthun
ein|ausgehen,,https://www.dwds.de/wb/etymwb/ein|ausgehen
künnen,,https://www.dwds.de/wb/etymwb/künnen
graben,graben,https://www.dwds.de/wb/etymwb/graben
gießen,gièzen,https://www.dwds.de/wb/etymwb/gießen
nachlaufen,,https://www.dwds.de/wb/etymwb/nachlaufen
entgelten,gëlten; bëlgen,https://www.dwds.de/wb/etymwb/entgelten
schweifen,swèifen; swîgen,https://www.dwds.de/wb/etymwb/schweifen
erbieten,biten; binten,https://www.dwds.de/wb/etymwb/erbieten
eilen,lîmen,https://www.dwds.de/wb/etymwb/eilen
nieszen,,https://www.dwds.de/wb/etymwb/nieszen
fürsprechen,,https://www.dwds.de/wb/etymwb/fürsprechen
verjehen,,https://www.dwds.de/wb/etymwb/verjehen
geliegen,,https://www.dwds.de/wb/etymwb/geliegen
zunehmen,,https://www.dwds.de/wb/etymwb/zunehmen
messen,mèizen,https://www.dwds.de/wb/etymwb/messen
überlaufen,"[""loufen""",https://www.dwds.de/wb/etymwb/überlaufen
übertreffen,trëffen,https://www.dwds.de/wb/etymwb/übertreffen
zugehen,,https://www.dwds.de/wb/etymwb/zugehen
eintragen,tragen,https://www.dwds.de/wb/etymwb/eintragen
entgehen,gân,https://www.dwds.de/wb/etymwb/entgehen
kennen,können,https://www.dwds.de/wb/etymwb/kennen
denken,d i n g e n,https://www.dwds.de/wb/etymwb/denken
weichen,wîchen,https://www.dwds.de/wb/etymwb/weichen
enthalten,enphallen; halten,https://www.dwds.de/wb/etymwb/enthalten
blasen,blâsen,https://www.dwds.de/wb/etymwb/blasen
umtreiben,,https://www.dwds.de/wb/etymwb/umtreiben
nachlassen,lâzen,https://www.dwds.de/wb/etymwb/nachlassen
erliegen,liègen; lîgen,https://www.dwds.de/wb/etymwb/erliegen
auslaufen,loufen,https://www.dwds.de/wb/etymwb/auslaufen
ausraten,,https://www.dwds.de/wb/etymwb/ausraten
genieszen,,https://www.dwds.de/wb/etymwb/genieszen
gehaben,hèben,https://www.dwds.de/wb/etymwb/gehaben
spinnen,spinnen,https://www.dwds.de/wb/etymwb/spinnen
verbrinnen,,https://www.dwds.de/wb/etymwb/verbrinnen
umgehen,,https://www.dwds.de/wb/etymwb/umgehen
beschwören,swèren,https://www.dwds.de/wb/etymwb/beschwören
ausschlagen,slahen,https://www.dwds.de/wb/etymwb/ausschlagen
hintragen,,https://www.dwds.de/wb/etymwb/hintragen
ausschlafen,,https://www.dwds.de/wb/etymwb/ausschlafen
gebieten,biten,https://www.dwds.de/wb/etymwb/gebieten
fürkommen,,https://www.dwds.de/wb/etymwb/fürkommen
vergehen,gân; gên,https://www.dwds.de/wb/etymwb/vergehen
abfallen,,https://www.dwds.de/wb/etymwb/abfallen
gieszen,,https://www.dwds.de/wb/etymwb/gieszen
schneiden,snîden; schîden,https://www.dwds.de/wb/etymwb/schneiden
zerfallen,,https://www.dwds.de/wb/etymwb/zerfallen
einsieden,,https://www.dwds.de/wb/etymwb/einsieden
triefen,trinnen; triuwen,https://www.dwds.de/wb/etymwb/triefen
ausfallen,vallen,https://www.dwds.de/wb/etymwb/ausfallen
reiben,rîben,https://www.dwds.de/wb/etymwb/reiben
seihen,sîhen,https://www.dwds.de/wb/etymwb/seihen
scheiszen,,https://www.dwds.de/wb/etymwb/scheiszen
verbrennen,,https://www.dwds.de/wb/etymwb/verbrennen
peiszen,,https://www.dwds.de/wb/etymwb/peiszen
sieden,sièden,https://www.dwds.de/wb/etymwb/sieden
winnen,,https://www.dwds.de/wb/etymwb/winnen
abhelfen,hëlfen,https://www.dwds.de/wb/etymwb/abhelfen
ausfliegen,,https://www.dwds.de/wb/etymwb/ausfliegen
aufwerfen,wërfen,https://www.dwds.de/wb/etymwb/aufwerfen
meinen,mêzen; mèzzen,https://www.dwds.de/wb/etymwb/meinen
braten,brâten,https://www.dwds.de/wb/etymwb/braten
niederfallen,,https://www.dwds.de/wb/etymwb/niederfallen
ahnesehen,,https://www.dwds.de/wb/etymwb/ahnesehen
zerlassen,,https://www.dwds.de/wb/etymwb/zerlassen
aufbrechen,brëchen,https://www.dwds.de/wb/etymwb/aufbrechen
zutragen,tragen,https://www.dwds.de/wb/etymwb/zutragen
begeben,gëben,https://www.dwds.de/wb/etymwb/begeben
pflegen,pflëgen,https://www.dwds.de/wb/etymwb/pflegen
überkommen,komen,https://www.dwds.de/wb/etymwb/überkommen
vernehmen,nëmen,https://www.dwds.de/wb/etymwb/vernehmen
verlaufen,"[""loufen""",https://www.dwds.de/wb/etymwb/verlaufen
ergehen,gên,https://www.dwds.de/wb/etymwb/ergehen
abtreiben,trîben,https://www.dwds.de/wb/etymwb/abtreiben
unterkommen,komen,https://www.dwds.de/wb/etymwb/unterkommen
versehen,sëhen,https://www.dwds.de/wb/etymwb/versehen
erhalten,halten,https://www.dwds.de/wb/etymwb/erhalten
ersehen,,https://www.dwds.de/wb/etymwb/ersehen
anschlagen,slahen,https://www.dwds.de/wb/etymwb/anschlagen
bekommen,komen,https://www.dwds.de/wb/etymwb/bekommen
erschlagen,,https://www.dwds.de/wb/etymwb/erschlagen
entrinnen,trinnen,https://www.dwds.de/wb/etymwb/entrinnen
verraten,râtên,https://www.dwds.de/wb/etymwb/verraten
unterstehen,stên,https://www.dwds.de/wb/etymwb/unterstehen
erstechen,,https://www.dwds.de/wb/etymwb/erstechen
ertragen,tragen,https://www.dwds.de/wb/etymwb/ertragen
bemühen,,https://www.dwds.de/wb/etymwb/bemühen
entsetzen,s i t z e n,https://www.dwds.de/wb/etymwb/entsetzen
unterlassen,lâzen,https://www.dwds.de/wb/etymwb/unterlassen
gedeihen,dîhen,https://www.dwds.de/wb/etymwb/gedeihen
berufen,ruofen,https://www.dwds.de/wb/etymwb/berufen
versprechen,"[""sprëchen""",https://www.dwds.de/wb/etymwb/versprechen
gelingen,lingen,https://www.dwds.de/wb/etymwb/gelingen
miszlingen,,https://www.dwds.de/wb/etymwb/miszlingen
übersehen,,https://www.dwds.de/wb/etymwb/übersehen
versäumen,zëmen,https://www.dwds.de/wb/etymwb/versäumen
verziehen,zîhen,https://www.dwds.de/wb/etymwb/verziehen
erwinden,,https://www.dwds.de/wb/etymwb/erwinden
anzeigen,zîhen; sîgen,https://www.dwds.de/wb/etymwb/anzeigen
gönnen,gunnen,https://www.dwds.de/wb/etymwb/gönnen
vergleichen,glîchen,https://www.dwds.de/wb/etymwb/vergleichen
bestellen,biten,https://www.dwds.de/wb/etymwb/bestellen
entziehen,,https://www.dwds.de/wb/etymwb/entziehen
erwägen,wigen,https://www.dwds.de/wb/etymwb/erwägen
vorsitzen,s i t z e n,https://www.dwds.de/wb/etymwb/vorsitzen
erschaffen,schaffen,https://www.dwds.de/wb/etymwb/erschaffen
rathen,,https://www.dwds.de/wb/etymwb/rathen
zubringen,,https://www.dwds.de/wb/etymwb/zubringen
geraten,râtên,https://www.dwds.de/wb/etymwb/geraten
geschaffen,,https://www.dwds.de/wb/etymwb/geschaffen
fleiszen,,https://www.dwds.de/wb/etymwb/fleiszen
verheiszen,,https://www.dwds.de/wb/etymwb/verheiszen
lieben,lîben,https://www.dwds.de/wb/etymwb/lieben
schämen,schëmen,https://www.dwds.de/wb/etymwb/schämen
anfangen,vâhen,https://www.dwds.de/wb/etymwb/anfangen
saugen,sûgen,https://www.dwds.de/wb/etymwb/saugen
empfehlen,enphallen,https://www.dwds.de/wb/etymwb/empfehlen
gebresten,brësten,https://www.dwds.de/wb/etymwb/gebresten
eingehen,gân,https://www.dwds.de/wb/etymwb/eingehen
fürnehmen,,https://www.dwds.de/wb/etymwb/fürnehmen
zugehören,tugen,https://www.dwds.de/wb/etymwb/zugehören
wenden,,https://www.dwds.de/wb/etymwb/wenden
abwerfen,wërfen,https://www.dwds.de/wb/etymwb/abwerfen
schlieszen,,https://www.dwds.de/wb/etymwb/schlieszen
abscheiden,,https://www.dwds.de/wb/etymwb/abscheiden
verbergen,bërgen,https://www.dwds.de/wb/etymwb/verbergen
aufsteigen,,https://www.dwds.de/wb/etymwb/aufsteigen
umhangen,,https://www.dwds.de/wb/etymwb/umhangen
zuziehen,zîhen,https://www.dwds.de/wb/etymwb/zuziehen
gehellen,,https://www.dwds.de/wb/etymwb/gehellen
hellen,hëllen; hëlen,https://www.dwds.de/wb/etymwb/hellen
entfärben,,https://www.dwds.de/wb/etymwb/entfärben
werden,wèiden; walten,https://www.dwds.de/wb/etymwb/werden
einfallen,enphallen; enphâhen,https://www.dwds.de/wb/etymwb/einfallen
verzeihen,zîhen,https://www.dwds.de/wb/etymwb/verzeihen
übertreten,trëten,https://www.dwds.de/wb/etymwb/übertreten
geheiszen,,https://www.dwds.de/wb/etymwb/geheiszen
berathen,,https://www.dwds.de/wb/etymwb/berathen
erlassen,lâzen,https://www.dwds.de/wb/etymwb/erlassen
entladen,laden,https://www.dwds.de/wb/etymwb/entladen
besinnen,sinnen,https://www.dwds.de/wb/etymwb/besinnen
auftragen,tragen,https://www.dwds.de/wb/etymwb/auftragen
zusprechen,sprëchen,https://www.dwds.de/wb/etymwb/zusprechen
versitzen,,https://www.dwds.de/wb/etymwb/versitzen
überladen,,https://www.dwds.de/wb/etymwb/überladen
versinnen,,https://www.dwds.de/wb/etymwb/versinnen
abgelten,,https://www.dwds.de/wb/etymwb/abgelten
gepflegen,,https://www.dwds.de/wb/etymwb/gepflegen
verthun,,https://www.dwds.de/wb/etymwb/verthun
vertragen,tragen,https://www.dwds.de/wb/etymwb/vertragen
gethun,,https://www.dwds.de/wb/etymwb/gethun
miszthun,,https://www.dwds.de/wb/etymwb/miszthun
kiesen,kiuwen,https://www.dwds.de/wb/etymwb/kiesen
widerbellen,,https://www.dwds.de/wb/etymwb/widerbellen
gemessen,mĕzzen,https://www.dwds.de/wb/etymwb/gemessen
wi(e)dernehmen,,https://www.dwds.de/wb/etymwb/wi(e)dernehmen
hahen,,https://www.dwds.de/wb/etymwb/hahen
wi(e)derwinden,,https://www.dwds.de/wb/etymwb/wi(e)derwinden
verbannen,bannen,https://www.dwds.de/wb/etymwb/verbannen
zerstoszen,,https://www.dwds.de/wb/etymwb/zerstoszen
ginnen,,https://www.dwds.de/wb/etymwb/ginnen
widerstreiten,,https://www.dwds.de/wb/etymwb/widerstreiten
verwenden,,https://www.dwds.de/wb/etymwb/verwenden
verschlagen,slahen,https://www.dwds.de/wb/etymwb/verschlagen
erstehen,,https://www.dwds.de/wb/etymwb/erstehen
miszgehen,,https://www.dwds.de/wb/etymwb/miszgehen
besorgen,sorge,https://www.dwds.de/wb/etymwb/besorgen
fliesen,,https://www.dwds.de/wb/etymwb/fliesen
getreffen,,https://www.dwds.de/wb/etymwb/getreffen
niederkommen,kîmen,https://www.dwds.de/wb/etymwb/niederkommen
miszra,,https://www.dwds.de/wb/etymwb/miszra
senken,"[""sinken""",https://www.dwds.de/wb/etymwb/senken
schwingen,swingen,https://www.dwds.de/wb/etymwb/schwingen
ergeben,gëben,https://www.dwds.de/wb/etymwb/ergeben
beiliegen,,https://www.dwds.de/wb/etymwb/beiliegen
aufgeben,"[""gëben""",https://www.dwds.de/wb/etymwb/aufgeben
mitgehen,,https://www.dwds.de/wb/etymwb/mitgehen
widersprechen,“sprëchen”,https://www.dwds.de/wb/etymwb/widersprechen
enttragen,,https://www.dwds.de/wb/etymwb/enttragen
sein,sîn,https://www.dwds.de/wb/etymwb/sein
gesagen,,https://www.dwds.de/wb/etymwb/gesagen
erfinden,vinden,https://www.dwds.de/wb/etymwb/erfinden
angelingen,,https://www.dwds.de/wb/etymwb/angelingen
beschlafen,slâfen,https://www.dwds.de/wb/etymwb/beschlafen
schieszen,,https://www.dwds.de/wb/etymwb/schieszen
niedergehen,,https://www.dwds.de/wb/etymwb/niedergehen
ertrinken,trinken,https://www.dwds.de/wb/etymwb/ertrinken
übergehen,gân; gên,https://www.dwds.de/wb/etymwb/übergehen
verbinden,binden,https://www.dwds.de/wb/etymwb/verbinden
seinnehmen,,https://www.dwds.de/wb/etymwb/seinnehmen
ansprechen,sprëchen,https://www.dwds.de/wb/etymwb/ansprechen
abkommen,komen,https://www.dwds.de/wb/etymwb/abkommen
aufkommen,kîmen; komen,https://www.dwds.de/wb/etymwb/aufkommen
bresten,,https://www.dwds.de/wb/etymwb/bresten
hinfallen,,https://www.dwds.de/wb/etymwb/hinfallen
niederstechen,,https://www.dwds.de/wb/etymwb/niederstechen
herrbringen,,https://www.dwds.de/wb/etymwb/herrbringen
anfahren,,https://www.dwds.de/wb/etymwb/anfahren
undstehen,,https://www.dwds.de/wb/etymwb/undstehen
ringen,ringen,https://www.dwds.de/wb/etymwb/ringen
angeliegen,,https://www.dwds.de/wb/etymwb/angeliegen
teidingen,,https://www.dwds.de/wb/etymwb/teidingen
mitfahren,,https://www.dwds.de/wb/etymwb/mitfahren
mitziehen,,https://www.dwds.de/wb/etymwb/mitziehen
erkommen,,https://www.dwds.de/wb/etymwb/erkommen
auslassen,lësen,https://www.dwds.de/wb/etymwb/auslassen
zubinden,,https://www.dwds.de/wb/etymwb/zubinden
fürhalten,,https://www.dwds.de/wb/etymwb/fürhalten
andringen,,https://www.dwds.de/wb/etymwb/andringen
beraten,râtên,https://www.dwds.de/wb/etymwb/beraten
zuschaffen,,https://www.dwds.de/wb/etymwb/zuschaffen
zuschlieszen,,https://www.dwds.de/wb/etymwb/zuschlieszen
säumen,singen,https://www.dwds.de/wb/etymwb/säumen
beigestehen,,https://www.dwds.de/wb/etymwb/beigestehen
einlassen,lësen; lâzen,https://www.dwds.de/wb/etymwb/einlassen
zuthun,,https://www.dwds.de/wb/etymwb/zuthun
schlabbe,,https://www.dwds.de/wb/etymwb/schlabbe
erbitten,,https://www.dwds.de/wb/etymwb/erbitten
nachsehen,§ehen,https://www.dwds.de/wb/etymwb/nachsehen
umsehen,,https://www.dwds.de/wb/etymwb/umsehen
nachkommen,komen,https://www.dwds.de/wb/etymwb/nachkommen
einbresten,,https://www.dwds.de/wb/etymwb/einbresten
umfallen,,https://www.dwds.de/wb/etymwb/umfallen
mitbringen,,https://www.dwds.de/wb/etymwb/mitbringen
fehlen,vliègen,https://www.dwds.de/wb/etymwb/fehlen
aufsitzen,,https://www.dwds.de/wb/etymwb/aufsitzen
aufbringen,,https://www.dwds.de/wb/etymwb/aufbringen
gewähren,gëben,https://www.dwds.de/wb/etymwb/gewähren
beiten,,https://www.dwds.de/wb/etymwb/beiten
gedüren,,https://www.dwds.de/wb/etymwb/gedüren
fürgehen,,https://www.dwds.de/wb/etymwb/fürgehen
zubieten,,https://www.dwds.de/wb/etymwb/zubieten
abstehen,stân,https://www.dwds.de/wb/etymwb/abstehen
gesingen,,https://www.dwds.de/wb/etymwb/gesingen
abtragen,tragen,https://www.dwds.de/wb/etymwb/abtragen
mittragen,,https://www.dwds.de/wb/etymwb/mittragen
tanzen,,https://www.dwds.de/wb/etymwb/tanzen
stieben,stièben,https://www.dwds.de/wb/etymwb/stieben
aufziehen,zîhen,https://www.dwds.de/wb/etymwb/aufziehen
geschweigen,,https://www.dwds.de/wb/etymwb/geschweigen
waten,watten,https://www.dwds.de/wb/etymwb/waten
anliegen,ligen,https://www.dwds.de/wb/etymwb/anliegen
ertödten,,https://www.dwds.de/wb/etymwb/ertödten
ausgesprechen,,https://www.dwds.de/wb/etymwb/ausgesprechen
durchrinnen,,https://www.dwds.de/wb/etymwb/durchrinnen
geziemen,zîhen; zëmen,https://www.dwds.de/wb/etymwb/geziemen
rennen,rinnen,https://www.dwds.de/wb/etymwb/rennen
umfinden,,https://www.dwds.de/wb/etymwb/umfinden
überfahren,,https://www.dwds.de/wb/etymwb/überfahren
überziehen,biègen,https://www.dwds.de/wb/etymwb/überziehen
durchreiten,,https://www.dwds.de/wb/etymwb/durchreiten
anreiten,,https://www.dwds.de/wb/etymwb/anreiten
aufsehen,sërten; schëhen,https://www.dwds.de/wb/etymwb/aufsehen
verliegen,,https://www.dwds.de/wb/etymwb/verliegen
anstreiten,,https://www.dwds.de/wb/etymwb/anstreiten
verbrechen,brëchen,https://www.dwds.de/wb/etymwb/verbrechen
regieren,rînen,https://www.dwds.de/wb/etymwb/regieren
durchschlagen,,https://www.dwds.de/wb/etymwb/durchschlagen
verfahren,varen,https://www.dwds.de/wb/etymwb/verfahren
überfallen,,https://www.dwds.de/wb/etymwb/überfallen
durchbrechen,,https://www.dwds.de/wb/etymwb/durchbrechen
etrschlagen,,https://www.dwds.de/wb/etymwb/etrschlagen
aufspringen,,https://www.dwds.de/wb/etymwb/aufspringen
werben,wërben,https://www.dwds.de/wb/etymwb/werben
überstoszen,,https://www.dwds.de/wb/etymwb/überstoszen
anschreien,,https://www.dwds.de/wb/etymwb/anschreien
ersterben,stërben,https://www.dwds.de/wb/etymwb/ersterben
anlaufen,"[""loufen""",https://www.dwds.de/wb/etymwb/anlaufen
zubeschaffen,,https://www.dwds.de/wb/etymwb/zubeschaffen
verschreiben,schrîben,https://www.dwds.de/wb/etymwb/verschreiben
wi(e)dergehen,,https://www.dwds.de/wb/etymwb/wi(e)dergehen
entlaufen,,https://www.dwds.de/wb/etymwb/entlaufen
verachten,,https://www.dwds.de/wb/etymwb/verachten
beheben,,https://www.dwds.de/wb/etymwb/beheben
umbringen,bringen,https://www.dwds.de/wb/etymwb/umbringen
durchgehen,,https://www.dwds.de/wb/etymwb/durchgehen
nachziehen,,https://www.dwds.de/wb/etymwb/nachziehen
aufhangen,,https://www.dwds.de/wb/etymwb/aufhangen
ausweisen,wîzen,https://www.dwds.de/wb/etymwb/ausweisen
gehelfen,,https://www.dwds.de/wb/etymwb/gehelfen
versinken,sanken,https://www.dwds.de/wb/etymwb/versinken
gehren,gîgen,https://www.dwds.de/wb/etymwb/gehren
rühmen,brëmen,https://www.dwds.de/wb/etymwb/rühmen
erklingen,klingen,https://www.dwds.de/wb/etymwb/erklingen
besprechen,"[""sprëchen""",https://www.dwds.de/wb/etymwb/besprechen
unterliegen,liègen,https://www.dwds.de/wb/etymwb/unterliegen
einkommen,komen,https://www.dwds.de/wb/etymwb/einkommen
vorgehen,gân,https://www.dwds.de/wb/etymwb/vorgehen
ursachen,,https://www.dwds.de/wb/etymwb/ursachen
unterwerfen,wërfen,https://www.dwds.de/wb/etymwb/unterwerfen
zerspringen,,https://www.dwds.de/wb/etymwb/zerspringen
zerklieben,,https://www.dwds.de/wb/etymwb/zerklieben
austrinken,,https://www.dwds.de/wb/etymwb/austrinken
vorstehen,stân,https://www.dwds.de/wb/etymwb/vorstehen
umschlagen,slahen,https://www.dwds.de/wb/etymwb/umschlagen
abstoszen,,https://www.dwds.de/wb/etymwb/abstoszen
entpfinden,,https://www.dwds.de/wb/etymwb/entpfinden
durchstechen,,https://www.dwds.de/wb/etymwb/durchstechen
ein|auslassen,,https://www.dwds.de/wb/etymwb/ein|auslassen
überflieszen,,https://www.dwds.de/wb/etymwb/überflieszen
beherbergen,,https://www.dwds.de/wb/etymwb/beherbergen
zulassen,lîzen,https://www.dwds.de/wb/etymwb/zulassen
umfahen,,https://www.dwds.de/wb/etymwb/umfahen
hinnehmen,,https://www.dwds.de/wb/etymwb/hinnehmen
abwaschen,,https://www.dwds.de/wb/etymwb/abwaschen
wi(e)derbringen,,https://www.dwds.de/wb/etymwb/wi(e)derbringen
fürbringen,,https://www.dwds.de/wb/etymwb/fürbringen
mögen,mugen; mugen,https://www.dwds.de/wb/etymwb/mögen
haben,hëben,https://www.dwds.de/wb/etymwb/haben
überbeleiben,,https://www.dwds.de/wb/etymwb/überbeleiben
fürgeben,,https://www.dwds.de/wb/etymwb/fürgeben
verloben,gëlten,https://www.dwds.de/wb/etymwb/verloben
antreffen,,https://www.dwds.de/wb/etymwb/antreffen
abschieszen,,https://www.dwds.de/wb/etymwb/abschieszen
hingehen,,https://www.dwds.de/wb/etymwb/hingehen
liebhaben,,https://www.dwds.de/wb/etymwb/liebhaben
abweichen,wîchen,https://www.dwds.de/wb/etymwb/abweichen
bestimmen,stëmen,https://www.dwds.de/wb/etymwb/bestimmen
entstehen,stân,https://www.dwds.de/wb/etymwb/entstehen
austreiben,,https://www.dwds.de/wb/etymwb/austreiben
zusehen,,https://www.dwds.de/wb/etymwb/zusehen
auftreten,trëten,https://www.dwds.de/wb/etymwb/auftreten
nachjehen,,https://www.dwds.de/wb/etymwb/nachjehen
studieren,,https://www.dwds.de/wb/etymwb/studieren
befleiszen,,https://www.dwds.de/wb/etymwb/befleiszen
nachergehen,,https://www.dwds.de/wb/etymwb/nachergehen
nachgeben,gëben,https://www.dwds.de/wb/etymwb/nachgeben
fürgreifen,,https://www.dwds.de/wb/etymwb/fürgreifen
schreiten,schrîten,https://www.dwds.de/wb/etymwb/schreiten
rechnen,rîchen,https://www.dwds.de/wb/etymwb/rechnen
müssen,mugin; mügen,https://www.dwds.de/wb/etymwb/müssen
inhalten,,https://www.dwds.de/wb/etymwb/inhalten
verfangen,vâhen,https://www.dwds.de/wb/etymwb/verfangen
aussprechen,,https://www.dwds.de/wb/etymwb/aussprechen
zustehen,stân; stên,https://www.dwds.de/wb/etymwb/zustehen
nachhalten,,https://www.dwds.de/wb/etymwb/nachhalten
hulden,,https://www.dwds.de/wb/etymwb/hulden
vergelten,gëlten,https://www.dwds.de/wb/etymwb/vergelten
niedergelassen,,https://www.dwds.de/wb/etymwb/niedergelassen
nachhangen,,https://www.dwds.de/wb/etymwb/nachhangen
ergreifen,grîfen,https://www.dwds.de/wb/etymwb/ergreifen
halsen,halsen,https://www.dwds.de/wb/etymwb/halsen
schwinden,swînen,https://www.dwds.de/wb/etymwb/schwinden
gefrieren,,https://www.dwds.de/wb/etymwb/gefrieren
nachtreten,,https://www.dwds.de/wb/etymwb/nachtreten
erbrechen,,https://www.dwds.de/wb/etymwb/erbrechen
anbrechen,,https://www.dwds.de/wb/etymwb/anbrechen
vortragen,tragen,https://www.dwds.de/wb/etymwb/vortragen
tun,tuon,https://www.dwds.de/wb/etymwb/tun
sollen,solen,https://www.dwds.de/wb/etymwb/sollen
einhangen,,https://www.dwds.de/wb/etymwb/einhangen
gelesen,,https://www.dwds.de/wb/etymwb/gelesen
vernemen,,https://www.dwds.de/wb/etymwb/vernemen
unterlaufen,,https://www.dwds.de/wb/etymwb/unterlaufen
umwerfen,,https://www.dwds.de/wb/etymwb/umwerfen
mitnehmen,,https://www.dwds.de/wb/etymwb/mitnehmen
antreten,trëten,https://www.dwds.de/wb/etymwb/antreten
unterfinden,,https://www.dwds.de/wb/etymwb/unterfinden
undfinden,,https://www.dwds.de/wb/etymwb/undfinden
miszfallen,,https://www.dwds.de/wb/etymwb/miszfallen
geschwören,,https://www.dwds.de/wb/etymwb/geschwören
bären,,https://www.dwds.de/wb/etymwb/bären
schleichen,slîchen,https://www.dwds.de/wb/etymwb/schleichen
verschlafen,,https://www.dwds.de/wb/etymwb/verschlafen
trügen,triegen; triuwen,https://www.dwds.de/wb/etymwb/trügen
unterschreiben,,https://www.dwds.de/wb/etymwb/unterschreiben
speien,spîwen,https://www.dwds.de/wb/etymwb/speien
zuwerfen,,https://www.dwds.de/wb/etymwb/zuwerfen
anehmen,,https://www.dwds.de/wb/etymwb/anehmen
umweichen,,https://www.dwds.de/wb/etymwb/umweichen
eintreten,,https://www.dwds.de/wb/etymwb/eintreten
aufschlagen,slâhen,https://www.dwds.de/wb/etymwb/aufschlagen
eintreiben,,https://www.dwds.de/wb/etymwb/eintreiben
umthun,,https://www.dwds.de/wb/etymwb/umthun
angeben,"[""gëben""",https://www.dwds.de/wb/etymwb/angeben
undgehen,,https://www.dwds.de/wb/etymwb/undgehen
aussein,,https://www.dwds.de/wb/etymwb/aussein
ausbleiben,,https://www.dwds.de/wb/etymwb/ausbleiben
absteigen,,https://www.dwds.de/wb/etymwb/absteigen
besehen,,https://www.dwds.de/wb/etymwb/besehen
auflesen,,https://www.dwds.de/wb/etymwb/auflesen
auflassen,,https://www.dwds.de/wb/etymwb/auflassen
auffahen,,https://www.dwds.de/wb/etymwb/auffahen
verstieben,,https://www.dwds.de/wb/etymwb/verstieben
verlesen,lësen,https://www.dwds.de/wb/etymwb/verlesen
zusammenbringen,,https://www.dwds.de/wb/etymwb/zusammenbringen
obliegen,ligen,https://www.dwds.de/wb/etymwb/obliegen
beibringen,,https://www.dwds.de/wb/etymwb/beibringen
herabstoszen,,https://www.dwds.de/wb/etymwb/herabstoszen
auf|herausziehen,,https://www.dwds.de/wb/etymwb/auf|herausziehen
heraustreiben,,https://www.dwds.de/wb/etymwb/heraustreiben
herausziehen,,https://www.dwds.de/wb/etymwb/herausziehen
hinausschlagen,,https://www.dwds.de/wb/etymwb/hinausschlagen
bedünken,,https://www.dwds.de/wb/etymwb/bedünken
anstoszen,,https://www.dwds.de/wb/etymwb/anstoszen
ausschlieszen,,https://www.dwds.de/wb/etymwb/ausschlieszen
verbleiben,blîben; bliuwen,https://www.dwds.de/wb/etymwb/verbleiben
anfallen,,https://www.dwds.de/wb/etymwb/anfallen
erweisen,,https://www.dwds.de/wb/etymwb/erweisen
anhangen,,https://www.dwds.de/wb/etymwb/anhangen
abtreten,trëten,https://www.dwds.de/wb/etymwb/abtreten
vorgeben,,https://www.dwds.de/wb/etymwb/vorgeben
fürwerfen,,https://www.dwds.de/wb/etymwb/fürwerfen
untergehen,gên,https://www.dwds.de/wb/etymwb/untergehen
anschreiben,schrîben,https://www.dwds.de/wb/etymwb/anschreiben
drehen,trëten,https://www.dwds.de/wb/etymwb/drehen
aufdringen,dringen,https://www.dwds.de/wb/etymwb/aufdringen
vorheben,,https://www.dwds.de/wb/etymwb/vorheben
vorziehen,vrièsen,https://www.dwds.de/wb/etymwb/vorziehen
aufklimmen,,https://www.dwds.de/wb/etymwb/aufklimmen
entgieszen,,https://www.dwds.de/wb/etymwb/entgieszen
durchgieszen,,https://www.dwds.de/wb/etymwb/durchgieszen
erschreien,,https://www.dwds.de/wb/etymwb/erschreien
vollschreiben,,https://www.dwds.de/wb/etymwb/vollschreiben
entfallen,,https://www.dwds.de/wb/etymwb/entfallen
gescheiden,,https://www.dwds.de/wb/etymwb/gescheiden
zusenden,,https://www.dwds.de/wb/etymwb/zusenden
getreten,,https://www.dwds.de/wb/etymwb/getreten
erschieszen,,https://www.dwds.de/wb/etymwb/erschieszen
auferheben,,https://www.dwds.de/wb/etymwb/auferheben
durchdringen,,https://www.dwds.de/wb/etymwb/durchdringen
zertreiben,,https://www.dwds.de/wb/etymwb/zertreiben
verschmelzen,,https://www.dwds.de/wb/etymwb/verschmelzen
aufbieten,biten,https://www.dwds.de/wb/etymwb/aufbieten
heischen,héischen,https://www.dwds.de/wb/etymwb/heischen
infallen,,https://www.dwds.de/wb/etymwb/infallen
ingehen,,https://www.dwds.de/wb/etymwb/ingehen
insprechen,,https://www.dwds.de/wb/etymwb/insprechen
aufenthalten,,https://www.dwds.de/wb/etymwb/aufenthalten
inkommen,,https://www.dwds.de/wb/etymwb/inkommen
zu|abnehmen,,https://www.dwds.de/wb/etymwb/zu|abnehmen
entpfahen,,https://www.dwds.de/wb/etymwb/entpfahen
inlassen,,https://www.dwds.de/wb/etymwb/inlassen
aufrufen,,https://www.dwds.de/wb/etymwb/aufrufen
ausstechen,stëchen; stëcken,https://www.dwds.de/wb/etymwb/ausstechen
ausbrechen,brëchen,https://www.dwds.de/wb/etymwb/ausbrechen
anbleiben,,https://www.dwds.de/wb/etymwb/anbleiben
hinztreten,,https://www.dwds.de/wb/etymwb/hinztreten
zulegen,,https://www.dwds.de/wb/etymwb/zulegen
hinlaufen,,https://www.dwds.de/wb/etymwb/hinlaufen
innehmen,,https://www.dwds.de/wb/etymwb/innehmen
inreiten,,https://www.dwds.de/wb/etymwb/inreiten
umreiten,,https://www.dwds.de/wb/etymwb/umreiten
fürtreten,,https://www.dwds.de/wb/etymwb/fürtreten
gesitzen,,https://www.dwds.de/wb/etymwb/gesitzen
nachreiten,,https://www.dwds.de/wb/etymwb/nachreiten
ingeben,,https://www.dwds.de/wb/etymwb/ingeben
inschreiben,,https://www.dwds.de/wb/etymwb/inschreiben
absitzen,,https://www.dwds.de/wb/etymwb/absitzen
abgewinnen,,https://www.dwds.de/wb/etymwb/abgewinnen
ausliegen,,https://www.dwds.de/wb/etymwb/ausliegen
entschlagen,slâhen,https://www.dwds.de/wb/etymwb/entschlagen
genugthun,,https://www.dwds.de/wb/etymwb/genugthun
auferstehen,stân,https://www.dwds.de/wb/etymwb/auferstehen
gelegen,lîgen,https://www.dwds.de/wb/etymwb/gelegen
ananheben,,https://www.dwds.de/wb/etymwb/ananheben
bolzen,bôzen,https://www.dwds.de/wb/etymwb/bolzen
fürstehen,,https://www.dwds.de/wb/etymwb/fürstehen
eindenken,,https://www.dwds.de/wb/etymwb/eindenken
schonen,schînen,https://www.dwds.de/wb/etymwb/schonen
niederliegen,,https://www.dwds.de/wb/etymwb/niederliegen
niedersitzen,,https://www.dwds.de/wb/etymwb/niedersitzen
einhalten,halten,https://www.dwds.de/wb/etymwb/einhalten
hinausgehen,,https://www.dwds.de/wb/etymwb/hinausgehen
daraustreiben,,https://www.dwds.de/wb/etymwb/daraustreiben
herausgehen,,https://www.dwds.de/wb/etymwb/herausgehen
anheiszen,,https://www.dwds.de/wb/etymwb/anheiszen
anlassen,lâzen,https://www.dwds.de/wb/etymwb/anlassen
niederstehlen,,https://www.dwds.de/wb/etymwb/niederstehlen
auffallen,vallen,https://www.dwds.de/wb/etymwb/auffallen
vorsehen,sëhen; sîhen,https://www.dwds.de/wb/etymwb/vorsehen
vorliegen,,https://www.dwds.de/wb/etymwb/vorliegen
fürfahren,,https://www.dwds.de/wb/etymwb/fürfahren
vorbehalten,,https://www.dwds.de/wb/etymwb/vorbehalten
zuerkennen,,https://www.dwds.de/wb/etymwb/zuerkennen
unterfangen,,https://www.dwds.de/wb/etymwb/unterfangen
schwächen,swëhen; swîchen,https://www.dwds.de/wb/etymwb/schwächen
hineinkommen,,https://www.dwds.de/wb/etymwb/hineinkommen
schmieren,smìgen,https://www.dwds.de/wb/etymwb/schmieren
flehen,vlëhten; vlièhen,https://www.dwds.de/wb/etymwb/flehen
nachfahren,,https://www.dwds.de/wb/etymwb/nachfahren
fortfahren,,https://www.dwds.de/wb/etymwb/fortfahren
fürübergehen,,https://www.dwds.de/wb/etymwb/fürübergehen
bellen,bëllen,https://www.dwds.de/wb/etymwb/bellen
absterben,stërben,https://www.dwds.de/wb/etymwb/absterben
anbieten,biten; bitten,https://www.dwds.de/wb/etymwb/anbieten
angewinnen,,https://www.dwds.de/wb/etymwb/angewinnen
daraufstehen,,https://www.dwds.de/wb/etymwb/daraufstehen
austreten,trëten,https://www.dwds.de/wb/etymwb/austreten
zusammenkommen,,https://www.dwds.de/wb/etymwb/zusammenkommen
auf|abgehen,,https://www.dwds.de/wb/etymwb/auf|abgehen
inthun,,https://www.dwds.de/wb/etymwb/inthun
aufschneiden,snîden,https://www.dwds.de/wb/etymwb/aufschneiden
anwenden,,https://www.dwds.de/wb/etymwb/anwenden
fürtreffen,,https://www.dwds.de/wb/etymwb/fürtreffen
abschaffen,schaffen,https://www.dwds.de/wb/etymwb/abschaffen
überschlagen,slahen,https://www.dwds.de/wb/etymwb/überschlagen
erwachsen,wahsen,https://www.dwds.de/wb/etymwb/erwachsen
verriechen,,https://www.dwds.de/wb/etymwb/verriechen
gewohnen,,https://www.dwds.de/wb/etymwb/gewohnen
betreffen,trëffen,https://www.dwds.de/wb/etymwb/betreffen
vermachen,mëchen,https://www.dwds.de/wb/etymwb/vermachen
quellen,quëlen; quëllen,https://www.dwds.de/wb/etymwb/quellen
daniederwerfen,,https://www.dwds.de/wb/etymwb/daniederwerfen
einsitzen,,https://www.dwds.de/wb/etymwb/einsitzen
ab|zunehmen,,https://www.dwds.de/wb/etymwb/ab|zunehmen
zugesehen,,https://www.dwds.de/wb/etymwb/zugesehen
nachsteigen,,https://www.dwds.de/wb/etymwb/nachsteigen
abfliehen,,https://www.dwds.de/wb/etymwb/abfliehen
infinden,,https://www.dwds.de/wb/etymwb/infinden
ausstehen,stân,https://www.dwds.de/wb/etymwb/ausstehen
ausstoszen,,https://www.dwds.de/wb/etymwb/ausstoszen
abbrennen,,https://www.dwds.de/wb/etymwb/abbrennen
mutwillen,,https://www.dwds.de/wb/etymwb/mutwillen
hinziehen,,https://www.dwds.de/wb/etymwb/hinziehen
einschlafen,,https://www.dwds.de/wb/etymwb/einschlafen
einrennen,,https://www.dwds.de/wb/etymwb/einrennen
ersteigen,,https://www.dwds.de/wb/etymwb/ersteigen
ausheben,,https://www.dwds.de/wb/etymwb/ausheben
zerschlagen,,https://www.dwds.de/wb/etymwb/zerschlagen
aushelfen,,https://www.dwds.de/wb/etymwb/aushelfen
zuschlagen,,https://www.dwds.de/wb/etymwb/zuschlagen
aus|inkommen,,https://www.dwds.de/wb/etymwb/aus|inkommen
nochziehen,,https://www.dwds.de/wb/etymwb/nochziehen
antun,tugen; tuon,https://www.dwds.de/wb/etymwb/antun
auflaufen,loven,https://www.dwds.de/wb/etymwb/auflaufen
einstehen,,https://www.dwds.de/wb/etymwb/einstehen
aufladen,,https://www.dwds.de/wb/etymwb/aufladen
nochgehen,,https://www.dwds.de/wb/etymwb/nochgehen
durchfahren,,https://www.dwds.de/wb/etymwb/durchfahren
umkommen,komen; kîmen,https://www.dwds.de/wb/etymwb/umkommen
umlaufen,,https://www.dwds.de/wb/etymwb/umlaufen
vorhalten,,https://www.dwds.de/wb/etymwb/vorhalten
durchziehen,,https://www.dwds.de/wb/etymwb/durchziehen
vorlügen,,https://www.dwds.de/wb/etymwb/vorlügen
klingen,klingen,https://www.dwds.de/wb/etymwb/klingen
ausfliehen,,https://www.dwds.de/wb/etymwb/ausfliehen
ausdringen,,https://www.dwds.de/wb/etymwb/ausdringen
davonfahren,,https://www.dwds.de/wb/etymwb/davonfahren
bekleiden,,https://www.dwds.de/wb/etymwb/bekleiden
bescheiszen,,https://www.dwds.de/wb/etymwb/bescheiszen
zerstechen,,https://www.dwds.de/wb/etymwb/zerstechen
mitlaufen,,https://www.dwds.de/wb/etymwb/mitlaufen
ausrufen,,https://www.dwds.de/wb/etymwb/ausrufen
ausbrennen,,https://www.dwds.de/wb/etymwb/ausbrennen
anbringen,,https://www.dwds.de/wb/etymwb/anbringen
niederlegen,nîden,https://www.dwds.de/wb/etymwb/niederlegen
auswiegen,,https://www.dwds.de/wb/etymwb/auswiegen
darangehen,,https://www.dwds.de/wb/etymwb/darangehen
herrkommen,,https://www.dwds.de/wb/etymwb/herrkommen
zufahren,,https://www.dwds.de/wb/etymwb/zufahren
darkommen,,https://www.dwds.de/wb/etymwb/darkommen
anrennen,,https://www.dwds.de/wb/etymwb/anrennen
zulaufen,,https://www.dwds.de/wb/etymwb/zulaufen
vorkommen,komen,https://www.dwds.de/wb/etymwb/vorkommen
geloben,loven,https://www.dwds.de/wb/etymwb/geloben
ausleihen,,https://www.dwds.de/wb/etymwb/ausleihen
zusammenschlagen,,https://www.dwds.de/wb/etymwb/zusammenschlagen
einschlieszen,,https://www.dwds.de/wb/etymwb/einschlieszen
hinrinnen,,https://www.dwds.de/wb/etymwb/hinrinnen
intragen,,https://www.dwds.de/wb/etymwb/intragen
ob|unterliegen,,https://www.dwds.de/wb/etymwb/ob|unterliegen
einblasen,blâsen,https://www.dwds.de/wb/etymwb/einblasen
auswissen,,https://www.dwds.de/wb/etymwb/auswissen
eingleichen,,https://www.dwds.de/wb/etymwb/eingleichen
obhalten,,https://www.dwds.de/wb/etymwb/obhalten
auffahren,,https://www.dwds.de/wb/etymwb/auffahren
abspringen,,https://www.dwds.de/wb/etymwb/abspringen
fürdringen,,https://www.dwds.de/wb/etymwb/fürdringen
durchsteigen,,https://www.dwds.de/wb/etymwb/durchsteigen
eindringen,,https://www.dwds.de/wb/etymwb/eindringen
aufreiszen,,https://www.dwds.de/wb/etymwb/aufreiszen
siehalten,,https://www.dwds.de/wb/etymwb/siehalten
sieliegen,,https://www.dwds.de/wb/etymwb/sieliegen
liebegewinnen,,https://www.dwds.de/wb/etymwb/liebegewinnen
siesitzen,,https://www.dwds.de/wb/etymwb/siesitzen
ahnefechten,,https://www.dwds.de/wb/etymwb/ahnefechten
ahnegesehen,,https://www.dwds.de/wb/etymwb/ahnegesehen
darüberlaufen,,https://www.dwds.de/wb/etymwb/darüberlaufen
zuhalten,halten,https://www.dwds.de/wb/etymwb/zuhalten
ahnebrechen,,https://www.dwds.de/wb/etymwb/ahnebrechen
vorreden,,https://www.dwds.de/wb/etymwb/vorreden
vornehmen,,https://www.dwds.de/wb/etymwb/vornehmen
magdgeben,,https://www.dwds.de/wb/etymwb/magdgeben
zugreifen,,https://www.dwds.de/wb/etymwb/zugreifen
ahnenehmen,,https://www.dwds.de/wb/etymwb/ahnenehmen
ingefallen,,https://www.dwds.de/wb/etymwb/ingefallen
aufgraben,,https://www.dwds.de/wb/etymwb/aufgraben
auffliehen,,https://www.dwds.de/wb/etymwb/auffliehen
überbringen,,https://www.dwds.de/wb/etymwb/überbringen
|niedergehen,,https://www.dwds.de/wb/etymwb/|niedergehen
einbrechen,brëchen,https://www.dwds.de/wb/etymwb/einbrechen
vortreten,trëten,https://www.dwds.de/wb/etymwb/vortreten
zudringen,,https://www.dwds.de/wb/etymwb/zudringen
abgieszen,,https://www.dwds.de/wb/etymwb/abgieszen
ahneheben,,https://www.dwds.de/wb/etymwb/ahneheben
aufhängen,,https://www.dwds.de/wb/etymwb/aufhängen
durchsehen,,https://www.dwds.de/wb/etymwb/durchsehen
nochlaufen,,https://www.dwds.de/wb/etymwb/nochlaufen
auftrügen,,https://www.dwds.de/wb/etymwb/auftrügen
herniederfallen,,https://www.dwds.de/wb/etymwb/herniederfallen
einsinken,,https://www.dwds.de/wb/etymwb/einsinken
umfleiszen,,https://www.dwds.de/wb/etymwb/umfleiszen
umschweifen,,https://www.dwds.de/wb/etymwb/umschweifen
aushalten,halten,https://www.dwds.de/wb/etymwb/aushalten
einwachsen,,https://www.dwds.de/wb/etymwb/einwachsen
aufstreichen,,https://www.dwds.de/wb/etymwb/aufstreichen
herfürdringen,,https://www.dwds.de/wb/etymwb/herfürdringen
ausgewinnen,,https://www.dwds.de/wb/etymwb/ausgewinnen
aufhelfen,,https://www.dwds.de/wb/etymwb/aufhelfen
vorbringen,,https://www.dwds.de/wb/etymwb/vorbringen
umtreten,,https://www.dwds.de/wb/etymwb/umtreten
abwissen,,https://www.dwds.de/wb/etymwb/abwissen
anstehlen,,https://www.dwds.de/wb/etymwb/anstehlen
enschlagen,,https://www.dwds.de/wb/etymwb/enschlagen
einstehlen,,https://www.dwds.de/wb/etymwb/einstehlen
anfinden,,https://www.dwds.de/wb/etymwb/anfinden
anwerfen,wërfen,https://www.dwds.de/wb/etymwb/anwerfen
entlassen,lâzen,https://www.dwds.de/wb/etymwb/entlassen
flechten,vlëhten,https://www.dwds.de/wb/etymwb/flechten
th,,https://www.dwds.de/wb/etymwb/th
durchschneiden,snîden,https://www.dwds.de/wb/etymwb/durchschneiden
aufbersten,,https://www.dwds.de/wb/etymwb/aufbersten
zerspalten,,https://www.dwds.de/wb/etymwb/zerspalten
zubeschlieszen,,https://www.dwds.de/wb/etymwb/zubeschlieszen
abrinnen,,https://www.dwds.de/wb/etymwb/abrinnen
abtun,tugen; tuon,https://www.dwds.de/wb/etymwb/abtun
beikommen,,https://www.dwds.de/wb/etymwb/beikommen
anhalten,halten,https://www.dwds.de/wb/etymwb/anhalten
aus|eingehen,,https://www.dwds.de/wb/etymwb/aus|eingehen
beifinden,,https://www.dwds.de/wb/etymwb/beifinden
mitschreiben,,https://www.dwds.de/wb/etymwb/mitschreiben
aussteigen,,https://www.dwds.de/wb/etymwb/aussteigen
einlaufen,loven,https://www.dwds.de/wb/etymwb/einlaufen
ablaufen,loven,https://www.dwds.de/wb/etymwb/ablaufen
solchsehen,,https://www.dwds.de/wb/etymwb/solchsehen
vorbitten,,https://www.dwds.de/wb/etymwb/vorbitten
wollen,wëllen,https://www.dwds.de/wb/etymwb/wollen
nan,,https://www.dwds.de/wb/etymwb/nan
{nehmen},,https://www.dwds.de/wb/etymwb/{nehmen}
acht,,https://www.dwds.de/wb/etymwb/acht
herab,håhen,https://www.dwds.de/wb/etymwb/herab
streich,strîchen,https://www.dwds.de/wb/etymwb/streich
gezusprechen,,https://www.dwds.de/wb/etymwb/gezusprechen
gabe,gëben,https://www.dwds.de/wb/etymwb/gabe
geanheben,,https://www.dwds.de/wb/etymwb/geanheben
halb,,https://www.dwds.de/wb/etymwb/halb
vollebringen,,https://www.dwds.de/wb/etymwb/vollebringen
gut,,https://www.dwds.de/wb/etymwb/gut
geschwind,swînen,https://www.dwds.de/wb/etymwb/geschwind
hiessen,,https://www.dwds.de/wb/etymwb/hiessen
hindernis,hin­ken,https://www.dwds.de/wb/etymwb/hindernis
{stehen},,https://www.dwds.de/wb/etymwb/{stehen}
schier,schëren,https://www.dwds.de/wb/etymwb/schier
gessen,,https://www.dwds.de/wb/etymwb/gessen
retten,rîten,https://www.dwds.de/wb/etymwb/retten
forecht,,https://www.dwds.de/wb/etymwb/forecht
herz,,https://www.dwds.de/wb/etymwb/herz
vnrecht,,https://www.dwds.de/wb/etymwb/vnrecht
glaube,glîten,https://www.dwds.de/wb/etymwb/glaube
behand,,https://www.dwds.de/wb/etymwb/behand
blosen,,https://www.dwds.de/wb/etymwb/blosen
soelend,,https://www.dwds.de/wb/etymwb/soelend
liessen,,https://www.dwds.de/wb/etymwb/liessen
darzwischen,,https://www.dwds.de/wb/etymwb/darzwischen
vberkommen,,https://www.dwds.de/wb/etymwb/vberkommen
anhängen,,https://www.dwds.de/wb/etymwb/anhängen
vnwissen,,https://www.dwds.de/wb/etymwb/vnwissen
geschieszen,,https://www.dwds.de/wb/etymwb/geschieszen
niederschlagen,,https://www.dwds.de/wb/etymwb/niederschlagen
schlob,,https://www.dwds.de/wb/etymwb/schlob
stoessen,,https://www.dwds.de/wb/etymwb/stoessen
bestreichen,,https://www.dwds.de/wb/etymwb/bestreichen
geschichte,gên,https://www.dwds.de/wb/etymwb/geschichte
geanbieten,,https://www.dwds.de/wb/etymwb/geanbieten
pluotflusz,,https://www.dwds.de/wb/etymwb/pluotflusz
gesein,,https://www.dwds.de/wb/etymwb/gesein
vnderstosz,,https://www.dwds.de/wb/etymwb/vnderstosz
vnderstehen,,https://www.dwds.de/wb/etymwb/vnderstehen
kaum,kîmen,https://www.dwds.de/wb/etymwb/kaum
dergleichen,,https://www.dwds.de/wb/etymwb/dergleichen
vliegen,,https://www.dwds.de/wb/etymwb/vliegen
wirauch,,https://www.dwds.de/wb/etymwb/wirauch
dürfen,durfen,https://www.dwds.de/wb/etymwb/dürfen
{finden},,https://www.dwds.de/wb/etymwb/{finden}
zertreten,,https://www.dwds.de/wb/etymwb/zertreten
{gehen},,https://www.dwds.de/wb/etymwb/{gehen}
verschaffen,,https://www.dwds.de/wb/etymwb/verschaffen
überliegen,,https://www.dwds.de/wb/etymwb/überliegen
muessen,,https://www.dwds.de/wb/etymwb/muessen
auserschallen,,https://www.dwds.de/wb/etymwb/auserschallen
obgleich,,https://www.dwds.de/wb/etymwb/obgleich
erwachen,wachen; wahen,https://www.dwds.de/wb/etymwb/erwachen
name,nĕmen,https://www.dwds.de/wb/etymwb/name
beaufstehen,,https://www.dwds.de/wb/etymwb/beaufstehen
hinlassen,,https://www.dwds.de/wb/etymwb/hinlassen
vngeschicklichkeit,,https://www.dwds.de/wb/etymwb/vngeschicklichkeit
schjeder,,https://www.dwds.de/wb/etymwb/schjeder
vorwissen,,https://www.dwds.de/wb/etymwb/vorwissen
kriechen,krièchen,https://www.dwds.de/wb/etymwb/kriechen
vermissen,vrèischen,https://www.dwds.de/wb/etymwb/vermissen
keden,,https://www.dwds.de/wb/etymwb/keden
geessen,,https://www.dwds.de/wb/etymwb/geessen
verlöschen,lëschen; lësen,https://www.dwds.de/wb/etymwb/verlöschen
übermessen,,https://www.dwds.de/wb/etymwb/übermessen
<unknown>,,https://www.dwds.de/wb/etymwb/<unknown>
besein,,https://www.dwds.de/wb/etymwb/besein
beangreifen,,https://www.dwds.de/wb/etymwb/beangreifen
enpfumfangen,,https://www.dwds.de/wb/etymwb/enpfumfangen
gename,,https://www.dwds.de/wb/etymwb/gename
sittenmall,,https://www.dwds.de/wb/etymwb/sittenmall
manbrufen,,https://www.dwds.de/wb/etymwb/manbrufen
beaufgehen,,https://www.dwds.de/wb/etymwb/beaufgehen
oben,,https://www.dwds.de/wb/etymwb/oben
bunttbrufen,,https://www.dwds.de/wb/etymwb/bunttbrufen
lauf,"[""loufen""",https://www.dwds.de/wb/etymwb/lauf
treng,,https://www.dwds.de/wb/etymwb/treng
gericht,rîten,https://www.dwds.de/wb/etymwb/gericht
item,,https://www.dwds.de/wb/etymwb/item
dessgleichen,,https://www.dwds.de/wb/etymwb/dessgleichen
bürger,,https://www.dwds.de/wb/etymwb/bürger
welend,,https://www.dwds.de/wb/etymwb/welend
menge,"[""mèngen""",https://www.dwds.de/wb/etymwb/menge
uiliegen,,https://www.dwds.de/wb/etymwb/uiliegen
angrif,,https://www.dwds.de/wb/etymwb/angrif
eranschlagen,,https://www.dwds.de/wb/etymwb/eranschlagen
erwilden,,https://www.dwds.de/wb/etymwb/erwilden
dräuen,drouwen,https://www.dwds.de/wb/etymwb/dräuen
brögen,,https://www.dwds.de/wb/etymwb/brögen
taugen,tugen,https://www.dwds.de/wb/etymwb/taugen
können,kœnnen,https://www.dwds.de/wb/etymwb/können
pfeifen,pfîfen,https://www.dwds.de/wb/etymwb/pfeifen
abbringen,,https://www.dwds.de/wb/etymwb/abbringen
gruessen,,https://www.dwds.de/wb/etymwb/gruessen
beschsein,,https://www.dwds.de/wb/etymwb/beschsein
widerfahren,,https://www.dwds.de/wb/etymwb/widerfahren
vermesse,,https://www.dwds.de/wb/etymwb/vermesse
beeinschlieszen,,https://www.dwds.de/wb/etymwb/beeinschlieszen
gefangen,,https://www.dwds.de/wb/etymwb/gefangen
kasteien,kièsen,https://www.dwds.de/wb/etymwb/kasteien
niederbrechen,,https://www.dwds.de/wb/etymwb/niederbrechen
geding,,https://www.dwds.de/wb/etymwb/geding
icht,,https://www.dwds.de/wb/etymwb/icht
wissagen,,https://www.dwds.de/wb/etymwb/wissagen
eranheben,,https://www.dwds.de/wb/etymwb/eranheben
haessen,,https://www.dwds.de/wb/etymwb/haessen
bewi(e)derkommen,,https://www.dwds.de/wb/etymwb/bewi(e)derkommen
geansehen,,https://www.dwds.de/wb/etymwb/geansehen
adam,,https://www.dwds.de/wb/etymwb/adam
erguessen,,https://www.dwds.de/wb/etymwb/erguessen
enpanhängen,,https://www.dwds.de/wb/etymwb/enpanhängen
nuessen,,https://www.dwds.de/wb/etymwb/nuessen
darnach,,https://www.dwds.de/wb/etymwb/darnach
wideraufstehen,,https://www.dwds.de/wb/etymwb/wideraufstehen
widersagen,,https://www.dwds.de/wb/etymwb/widersagen
erzusprechen,,https://www.dwds.de/wb/etymwb/erzusprechen
getrösten,,https://www.dwds.de/wb/etymwb/getrösten
fünf,,https://www.dwds.de/wb/etymwb/fünf
teilen,spalten,https://www.dwds.de/wb/etymwb/teilen
durchtreiben,,https://www.dwds.de/wb/etymwb/durchtreiben
wi(e)derrufen,,https://www.dwds.de/wb/etymwb/wi(e)derrufen
überbinden,,https://www.dwds.de/wb/etymwb/überbinden
anhaben,,https://www.dwds.de/wb/etymwb/anhaben
nagen,nagen,https://www.dwds.de/wb/etymwb/nagen
schlüpfen,slîfen; slièfen,https://www.dwds.de/wb/etymwb/schlüpfen
untersprechen,,https://www.dwds.de/wb/etymwb/untersprechen
theide,,https://www.dwds.de/wb/etymwb/theide
gen,ginnen,https://www.dwds.de/wb/etymwb/gen
volbringen,,https://www.dwds.de/wb/etymwb/volbringen
vertziehen,,https://www.dwds.de/wb/etymwb/vertziehen
miaufstehen,,https://www.dwds.de/wb/etymwb/miaufstehen
zagen,zîhen,https://www.dwds.de/wb/etymwb/zagen
vbergrosz,,https://www.dwds.de/wb/etymwb/vbergrosz
verzurichten,,https://www.dwds.de/wb/etymwb/verzurichten
mildigkeit,,https://www.dwds.de/wb/etymwb/mildigkeit
bis,bîzen,https://www.dwds.de/wb/etymwb/bis
erlosen,,https://www.dwds.de/wb/etymwb/erlosen
sibestehen,,https://www.dwds.de/wb/etymwb/sibestehen
enpanfangen,,https://www.dwds.de/wb/etymwb/enpanfangen
uberheben,,https://www.dwds.de/wb/etymwb/uberheben
scanheben,,https://www.dwds.de/wb/etymwb/scanheben
geweisen,,https://www.dwds.de/wb/etymwb/geweisen
vmbfürgeben,,https://www.dwds.de/wb/etymwb/vmbfürgeben
schlosz,,https://www.dwds.de/wb/etymwb/schlosz
brachen,,https://www.dwds.de/wb/etymwb/brachen
gewinn,winden,https://www.dwds.de/wb/etymwb/gewinn
streit,strîten,https://www.dwds.de/wb/etymwb/streit
verretenschaffen,,https://www.dwds.de/wb/etymwb/verretenschaffen
enpfangen,,https://www.dwds.de/wb/etymwb/enpfangen
widerzusprechen,,https://www.dwds.de/wb/etymwb/widerzusprechen
uerstehen,,https://www.dwds.de/wb/etymwb/uerstehen
getrost,,https://www.dwds.de/wb/etymwb/getrost
einfangen,,https://www.dwds.de/wb/etymwb/einfangen
verschmähe,,https://www.dwds.de/wb/etymwb/verschmähe
beschlassen,,https://www.dwds.de/wb/etymwb/beschlassen
ingedenken,,https://www.dwds.de/wb/etymwb/ingedenken
schlaufen,,https://www.dwds.de/wb/etymwb/schlaufen
hof,houwen; hâhen,https://www.dwds.de/wb/etymwb/hof
radbrechen,,https://www.dwds.de/wb/etymwb/radbrechen
schaben,schaben,https://www.dwds.de/wb/etymwb/schaben
bestreiten,strîten,https://www.dwds.de/wb/etymwb/bestreiten
erzwingen,,https://www.dwds.de/wb/etymwb/erzwingen
erwiegen,,https://www.dwds.de/wb/etymwb/erwiegen
schlügen,,https://www.dwds.de/wb/etymwb/schlügen
greben,,https://www.dwds.de/wb/etymwb/greben
vberträffen,,https://www.dwds.de/wb/etymwb/vberträffen
vberlaufen,,https://www.dwds.de/wb/etymwb/vberlaufen
koende,,https://www.dwds.de/wb/etymwb/koende
<none>,,https://www.dwds.de/wb/etymwb/<none>
weinberg,,https://www.dwds.de/wb/etymwb/weinberg
mahab,,https://www.dwds.de/wb/etymwb/mahab
aauszen,,https://www.dwds.de/wb/etymwb/aauszen
verlehnen,,https://www.dwds.de/wb/etymwb/verlehnen
trecken,trëchen,https://www.dwds.de/wb/etymwb/trecken
gehorsam,,https://www.dwds.de/wb/etymwb/gehorsam
beschreien,,https://www.dwds.de/wb/etymwb/beschreien
gesinnen,,https://www.dwds.de/wb/etymwb/gesinnen
bebieten,,https://www.dwds.de/wb/etymwb/bebieten
anwerben,,https://www.dwds.de/wb/etymwb/anwerben
wi(e)derschreiben,,https://www.dwds.de/wb/etymwb/wi(e)derschreiben
verschwören,swèren; swëren,https://www.dwds.de/wb/etymwb/verschwören
sieben,sÈben,https://www.dwds.de/wb/etymwb/sieben
vor,vâhen,https://www.dwds.de/wb/etymwb/vor
manch,muegen,https://www.dwds.de/wb/etymwb/manch
nicht,niuwen,https://www.dwds.de/wb/etymwb/nicht
einig,binden; binten,https://www.dwds.de/wb/etymwb/einig
oder,,https://www.dwds.de/wb/etymwb/oder
freund,vrièsen,https://www.dwds.de/wb/etymwb/freund
dritte,,https://www.dwds.de/wb/etymwb/dritte
auf,,https://www.dwds.de/wb/etymwb/auf
gelaufe,,https://www.dwds.de/wb/etymwb/gelaufe
ausbreiten,,https://www.dwds.de/wb/etymwb/ausbreiten
also,,https://www.dwds.de/wb/etymwb/also
ursehen,,https://www.dwds.de/wb/etymwb/ursehen
geurlaufen,,https://www.dwds.de/wb/etymwb/geurlaufen
muormuoringen,,https://www.dwds.de/wb/etymwb/muormuoringen
zebrechen,,https://www.dwds.de/wb/etymwb/zebrechen
leib,lîben,https://www.dwds.de/wb/etymwb/leib
schuldig,,https://www.dwds.de/wb/etymwb/schuldig
miszsprechen,,https://www.dwds.de/wb/etymwb/miszsprechen
Köln,,https://www.dwds.de/wb/etymwb/Köln
wedersehen,,https://www.dwds.de/wb/etymwb/wedersehen
algemein,,https://www.dwds.de/wb/etymwb/algemein
todt,,https://www.dwds.de/wb/etymwb/todt
strasze,,https://www.dwds.de/wb/etymwb/strasze
karm,,https://www.dwds.de/wb/etymwb/karm
befürgehen,,https://www.dwds.de/wb/etymwb/befürgehen
bezusprechen,,https://www.dwds.de/wb/etymwb/bezusprechen
geirlegen,,https://www.dwds.de/wb/etymwb/geirlegen
reid,,https://www.dwds.de/wb/etymwb/reid
wederzusprechen,,https://www.dwds.de/wb/etymwb/wederzusprechen
graf,,https://www.dwds.de/wb/etymwb/graf
wedersprechen,,https://www.dwds.de/wb/etymwb/wedersprechen
not,niuwen,https://www.dwds.de/wb/etymwb/not
brief,grîfen,https://www.dwds.de/wb/etymwb/brief
engelbringen,,https://www.dwds.de/wb/etymwb/engelbringen
moessen,,https://www.dwds.de/wb/etymwb/moessen
geschein,,https://www.dwds.de/wb/etymwb/geschein
wapenden,,https://www.dwds.de/wb/etymwb/wapenden
vogt,vëhten,https://www.dwds.de/wb/etymwb/vogt
sliegen,,https://www.dwds.de/wb/etymwb/sliegen
butgessen,,https://www.dwds.de/wb/etymwb/butgessen
wer,,https://www.dwds.de/wb/etymwb/wer
saindem,,https://www.dwds.de/wb/etymwb/saindem
intkommen,,https://www.dwds.de/wb/etymwb/intkommen
intsehen,,https://www.dwds.de/wb/etymwb/intsehen
gemeindem,,https://www.dwds.de/wb/etymwb/gemeindem
entsehen,,https://www.dwds.de/wb/etymwb/entsehen
slauf,,https://www.dwds.de/wb/etymwb/slauf
eintgehen,,https://www.dwds.de/wb/etymwb/eintgehen
bedrohen,drouwen; drôen,https://www.dwds.de/wb/etymwb/bedrohen
kraft,krîgen,https://www.dwds.de/wb/etymwb/kraft
betracht,binten,https://www.dwds.de/wb/etymwb/betracht
naringen,,https://www.dwds.de/wb/etymwb/naringen
mjeder,,https://www.dwds.de/wb/etymwb/mjeder
vntweichen,,https://www.dwds.de/wb/etymwb/vntweichen
enfolgen,,https://www.dwds.de/wb/etymwb/enfolgen
verwairlosen,,https://www.dwds.de/wb/etymwb/verwairlosen
habe,,https://www.dwds.de/wb/etymwb/habe
geboessen,,https://www.dwds.de/wb/etymwb/geboessen
aueabstellen,,https://www.dwds.de/wb/etymwb/aueabstellen
wessen,,https://www.dwds.de/wb/etymwb/wessen
entpfrroindem,,https://www.dwds.de/wb/etymwb/entpfrroindem
weise,wîsen,https://www.dwds.de/wb/etymwb/weise
indeinhalten,,https://www.dwds.de/wb/etymwb/indeinhalten
nyessen,,https://www.dwds.de/wb/etymwb/nyessen
masz,,https://www.dwds.de/wb/etymwb/masz
knagen,,https://www.dwds.de/wb/etymwb/knagen
vergiessen,,https://www.dwds.de/wb/etymwb/vergiessen
niessen,,https://www.dwds.de/wb/etymwb/niessen
indem,binden,https://www.dwds.de/wb/etymwb/indem
vordringen,,https://www.dwds.de/wb/etymwb/vordringen
wringen,wigen,https://www.dwds.de/wb/etymwb/wringen
vertrank,,https://www.dwds.de/wb/etymwb/vertrank
botschaf,,https://www.dwds.de/wb/etymwb/botschaf
beaufheben,,https://www.dwds.de/wb/etymwb/beaufheben
slaufen,,https://www.dwds.de/wb/etymwb/slaufen
neffe,,https://www.dwds.de/wb/etymwb/neffe
neid,nîden,https://www.dwds.de/wb/etymwb/neid
drecht,,https://www.dwds.de/wb/etymwb/drecht
ouerkommen,,https://www.dwds.de/wb/etymwb/ouerkommen
geynreleyweisz,,https://www.dwds.de/wb/etymwb/geynreleyweisz
woche,wîchen,https://www.dwds.de/wb/etymwb/woche
stiessen,,https://www.dwds.de/wb/etymwb/stiessen
hulthun,,https://www.dwds.de/wb/etymwb/hulthun
stadt,stân,https://www.dwds.de/wb/etymwb/stadt
herziehen,,https://www.dwds.de/wb/etymwb/herziehen
kreich,,https://www.dwds.de/wb/etymwb/kreich
abend,,https://www.dwds.de/wb/etymwb/abend
doitwunde,,https://www.dwds.de/wb/etymwb/doitwunde
bestatt,,https://www.dwds.de/wb/etymwb/bestatt
eignen,"[""gîgen""",https://www.dwds.de/wb/etymwb/eignen
weib,wîgen; wîhen,https://www.dwds.de/wb/etymwb/weib
vnteinkommen,,https://www.dwds.de/wb/etymwb/vnteinkommen
cardinalebysschof,,https://www.dwds.de/wb/etymwb/cardinalebysschof
dienden,,https://www.dwds.de/wb/etymwb/dienden
tzoende,,https://www.dwds.de/wb/etymwb/tzoende
dinstechen,,https://www.dwds.de/wb/etymwb/dinstechen
und,,https://www.dwds.de/wb/etymwb/und
beausweisen,,https://www.dwds.de/wb/etymwb/beausweisen
veruolgehen,,https://www.dwds.de/wb/etymwb/veruolgehen
träge,tragen,https://www.dwds.de/wb/etymwb/träge
er,sîn,https://www.dwds.de/wb/etymwb/er
schraten,,https://www.dwds.de/wb/etymwb/schraten
ghangen,,https://www.dwds.de/wb/etymwb/ghangen
ghegeschehen,,https://www.dwds.de/wb/etymwb/ghegeschehen
schören,,https://www.dwds.de/wb/etymwb/schören
ghebitten,,https://www.dwds.de/wb/etymwb/ghebitten
vullenbringen,,https://www.dwds.de/wb/etymwb/vullenbringen
vorlosen,,https://www.dwds.de/wb/etymwb/vorlosen
erfgename,,https://www.dwds.de/wb/etymwb/erfgename
ganheben,,https://www.dwds.de/wb/etymwb/ganheben
anspringen,,https://www.dwds.de/wb/etymwb/anspringen
last,laden,https://www.dwds.de/wb/etymwb/last
sache,sachen,https://www.dwds.de/wb/etymwb/sache
stunde,stân,https://www.dwds.de/wb/etymwb/stunde
dayrbinnen,,https://www.dwds.de/wb/etymwb/dayrbinnen
ob,bîten,https://www.dwds.de/wb/etymwb/ob
donrekraut,,https://www.dwds.de/wb/etymwb/donrekraut
sessen,,https://www.dwds.de/wb/etymwb/sessen
daebinnen,,https://www.dwds.de/wb/etymwb/daebinnen
wand,vinden,https://www.dwds.de/wb/etymwb/wand
veraufnehmen,,https://www.dwds.de/wb/etymwb/veraufnehmen
versucht,,https://www.dwds.de/wb/etymwb/versucht
blang,,https://www.dwds.de/wb/etymwb/blang
ljeder,,https://www.dwds.de/wb/etymwb/ljeder
cristechen,,https://www.dwds.de/wb/etymwb/cristechen
gestechen,,https://www.dwds.de/wb/etymwb/gestechen
sprache,sprëchen,https://www.dwds.de/wb/etymwb/sprache
dabinnen,,https://www.dwds.de/wb/etymwb/dabinnen
abseihen,,https://www.dwds.de/wb/etymwb/abseihen
malt,,https://www.dwds.de/wb/etymwb/malt
slyäffen,,https://www.dwds.de/wb/etymwb/slyäffen
groben,,https://www.dwds.de/wb/etymwb/groben
knjeder,,https://www.dwds.de/wb/etymwb/knjeder
underaufgraben,,https://www.dwds.de/wb/etymwb/underaufgraben
dick,,https://www.dwds.de/wb/etymwb/dick
wi(e)derum,,https://www.dwds.de/wb/etymwb/wi(e)derum
erlicht,,https://www.dwds.de/wb/etymwb/erlicht
verkundicht,,https://www.dwds.de/wb/etymwb/verkundicht
zusamt,,https://www.dwds.de/wb/etymwb/zusamt
gearbeit,,https://www.dwds.de/wb/etymwb/gearbeit
geleid,,https://www.dwds.de/wb/etymwb/geleid
gesamt,sachen,https://www.dwds.de/wb/etymwb/gesamt
vntfangen,,https://www.dwds.de/wb/etymwb/vntfangen
enweg,,https://www.dwds.de/wb/etymwb/enweg
zuhand,zîhen; zëmen,https://www.dwds.de/wb/etymwb/zuhand
beifusz,,https://www.dwds.de/wb/etymwb/beifusz
geneessen,,https://www.dwds.de/wb/etymwb/geneessen
glicht,,https://www.dwds.de/wb/etymwb/glicht
krot,,https://www.dwds.de/wb/etymwb/krot
laessen,,https://www.dwds.de/wb/etymwb/laessen
salt,,https://www.dwds.de/wb/etymwb/salt
neyswurzel,,https://www.dwds.de/wb/etymwb/neyswurzel
eintrinken,,https://www.dwds.de/wb/etymwb/eintrinken
vnledicht,,https://www.dwds.de/wb/etymwb/vnledicht
ehrbar,èren,https://www.dwds.de/wb/etymwb/ehrbar
rechuerdichten,,https://www.dwds.de/wb/etymwb/rechuerdichten
steynbreich,,https://www.dwds.de/wb/etymwb/steynbreich
drauchen,,https://www.dwds.de/wb/etymwb/drauchen
wiederbringen ,,https://www.dwds.de/wb/etymwb/wiederbringen 
ergiessen,,https://www.dwds.de/wb/etymwb/ergiessen
breich,,https://www.dwds.de/wb/etymwb/breich
mitleiden,,https://www.dwds.de/wb/etymwb/mitleiden
grufen,,https://www.dwds.de/wb/etymwb/grufen
slang,,https://www.dwds.de/wb/etymwb/slang
fluessen,,https://www.dwds.de/wb/etymwb/fluessen
vollenbringen,,https://www.dwds.de/wb/etymwb/vollenbringen
stalt,,https://www.dwds.de/wb/etymwb/stalt
sweichen,,https://www.dwds.de/wb/etymwb/sweichen
verschmied,,https://www.dwds.de/wb/etymwb/verschmied
spreich,,https://www.dwds.de/wb/etymwb/spreich
drufen,,https://www.dwds.de/wb/etymwb/drufen
riessen,,https://www.dwds.de/wb/etymwb/riessen
ghaben,,https://www.dwds.de/wb/etymwb/ghaben
zoausreiszen,,https://www.dwds.de/wb/etymwb/zoausreiszen
vmbgieng,,https://www.dwds.de/wb/etymwb/vmbgieng
knieden,,https://www.dwds.de/wb/etymwb/knieden
beneffe,,https://www.dwds.de/wb/etymwb/beneffe
weisz,,https://www.dwds.de/wb/etymwb/weisz
entfangen,,https://www.dwds.de/wb/etymwb/entfangen
bezeugen,biuwen,https://www.dwds.de/wb/etymwb/bezeugen
pleib,,https://www.dwds.de/wb/etymwb/pleib
diejener,,https://www.dwds.de/wb/etymwb/diejener
verabschütten,,https://www.dwds.de/wb/etymwb/verabschütten
regen,rëgen,https://www.dwds.de/wb/etymwb/regen
habuessen,,https://www.dwds.de/wb/etymwb/habuessen
zerschneid,,https://www.dwds.de/wb/etymwb/zerschneid
conficierenden,,https://www.dwds.de/wb/etymwb/conficierenden
onbestadt,,https://www.dwds.de/wb/etymwb/onbestadt
wi(e)derhalten,,https://www.dwds.de/wb/etymwb/wi(e)derhalten
wolhergebringen,,https://www.dwds.de/wb/etymwb/wolhergebringen
vmbgeben,,https://www.dwds.de/wb/etymwb/vmbgeben
vnschuld,,https://www.dwds.de/wb/etymwb/vnschuld
zubrechen,,https://www.dwds.de/wb/etymwb/zubrechen
flassen,,https://www.dwds.de/wb/etymwb/flassen
vngewissen,,https://www.dwds.de/wb/etymwb/vngewissen
gethür,,https://www.dwds.de/wb/etymwb/gethür
durchaufgehen,,https://www.dwds.de/wb/etymwb/durchaufgehen
carlostehen,,https://www.dwds.de/wb/etymwb/carlostehen
empeinfangen,,https://www.dwds.de/wb/etymwb/empeinfangen
ertzherzog,,https://www.dwds.de/wb/etymwb/ertzherzog
schlüge,,https://www.dwds.de/wb/etymwb/schlüge
hewmonat,,https://www.dwds.de/wb/etymwb/hewmonat
oesterreich,,https://www.dwds.de/wb/etymwb/oesterreich
landsitzen,,https://www.dwds.de/wb/etymwb/landsitzen
entausschlieszen,,https://www.dwds.de/wb/etymwb/entausschlieszen
bundtsverwenden,,https://www.dwds.de/wb/etymwb/bundtsverwenden
schöffe,schaffen,https://www.dwds.de/wb/etymwb/schöffe
geschenk,schäben,https://www.dwds.de/wb/etymwb/geschenk
vmbgang,,https://www.dwds.de/wb/etymwb/vmbgang
zugelassen,,https://www.dwds.de/wb/etymwb/zugelassen
obstehen,,https://www.dwds.de/wb/etymwb/obstehen
aussbleiben,,https://www.dwds.de/wb/etymwb/aussbleiben
abberufen,,https://www.dwds.de/wb/etymwb/abberufen
zubeweisen,,https://www.dwds.de/wb/etymwb/zubeweisen
inzubringen,,https://www.dwds.de/wb/etymwb/inzubringen
furwenden,,https://www.dwds.de/wb/etymwb/furwenden
mallstehen,,https://www.dwds.de/wb/etymwb/mallstehen
beweise,,https://www.dwds.de/wb/etymwb/beweise
obergericht,,https://www.dwds.de/wb/etymwb/obergericht
zeugnußbrief,,https://www.dwds.de/wb/etymwb/zeugnußbrief
vbereinnehmen,,https://www.dwds.de/wb/etymwb/vbereinnehmen
vnuerstand,,https://www.dwds.de/wb/etymwb/vnuerstand
angesehen,sËhen,https://www.dwds.de/wb/etymwb/angesehen
anzuannehmen,,https://www.dwds.de/wb/etymwb/anzuannehmen
vrtheil,,https://www.dwds.de/wb/etymwb/vrtheil
heuptbrief,,https://www.dwds.de/wb/etymwb/heuptbrief
zulesen,,https://www.dwds.de/wb/etymwb/zulesen
miterbe,,https://www.dwds.de/wb/etymwb/miterbe
evrkliegen,,https://www.dwds.de/wb/etymwb/evrkliegen
verklage,,https://www.dwds.de/wb/etymwb/verklage
seite,snîden,https://www.dwds.de/wb/etymwb/seite
bleben,,https://www.dwds.de/wb/etymwb/bleben
entfahren,,https://www.dwds.de/wb/etymwb/entfahren
aufkriechen,,https://www.dwds.de/wb/etymwb/aufkriechen
durchbrand,,https://www.dwds.de/wb/etymwb/durchbrand
tregen,,https://www.dwds.de/wb/etymwb/tregen
doeuende,,https://www.dwds.de/wb/etymwb/doeuende
intfeinig,,https://www.dwds.de/wb/etymwb/intfeinig
samende,,https://www.dwds.de/wb/etymwb/samende
schulden,,https://www.dwds.de/wb/etymwb/schulden
zodiende,,https://www.dwds.de/wb/etymwb/zodiende
viel,vlièhen; vlièzen,https://www.dwds.de/wb/etymwb/viel
roiffende,,https://www.dwds.de/wb/etymwb/roiffende
intfangen,,https://www.dwds.de/wb/etymwb/intfangen
davor,,https://www.dwds.de/wb/etymwb/davor
intaufschlieszen,,https://www.dwds.de/wb/etymwb/intaufschlieszen
zoueransehen,,https://www.dwds.de/wb/etymwb/zoueransehen
schwarz,swîzen,https://www.dwds.de/wb/etymwb/schwarz
leid,lîhen,https://www.dwds.de/wb/etymwb/leid
licht,lîchen; lûchen,https://www.dwds.de/wb/etymwb/licht
reessen,,https://www.dwds.de/wb/etymwb/reessen
verzeichen,,https://www.dwds.de/wb/etymwb/verzeichen
seitengehäuse,,https://www.dwds.de/wb/etymwb/seitengehäuse
vergleich,glîchen,https://www.dwds.de/wb/etymwb/vergleich
beherrschen,hèischen,https://www.dwds.de/wb/etymwb/beherrschen
ruland,,https://www.dwds.de/wb/etymwb/ruland
bitte,biten,https://www.dwds.de/wb/etymwb/bitte
lasz,,https://www.dwds.de/wb/etymwb/lasz
freydenreich,,https://www.dwds.de/wb/etymwb/freydenreich
kund,k ö n n e n,https://www.dwds.de/wb/etymwb/kund
schosz,,https://www.dwds.de/wb/etymwb/schosz
für,,https://www.dwds.de/wb/etymwb/für
vnlangst,,https://www.dwds.de/wb/etymwb/vnlangst
bote,bitten,https://www.dwds.de/wb/etymwb/bote
verschwand,,https://www.dwds.de/wb/etymwb/verschwand
entschlaufen,,https://www.dwds.de/wb/etymwb/entschlaufen
lieb,bliuwen,https://www.dwds.de/wb/etymwb/lieb
vberwand,,https://www.dwds.de/wb/etymwb/vberwand
gefurcht,,https://www.dwds.de/wb/etymwb/gefurcht
bewissen,,https://www.dwds.de/wb/etymwb/bewissen
verhof,,https://www.dwds.de/wb/etymwb/verhof
wüste,,https://www.dwds.de/wb/etymwb/wüste
entschlosz,,https://www.dwds.de/wb/etymwb/entschlosz
beschlosen,,https://www.dwds.de/wb/etymwb/beschlosen
gebot,biten; bitten,https://www.dwds.de/wb/etymwb/gebot
balland,,https://www.dwds.de/wb/etymwb/balland
stet,stên,https://www.dwds.de/wb/etymwb/stet
gewillfahren,,https://www.dwds.de/wb/etymwb/gewillfahren
verschlindem,,https://www.dwds.de/wb/etymwb/verschlindem
schlang,,https://www.dwds.de/wb/etymwb/schlang
vnderanstehen,,https://www.dwds.de/wb/etymwb/vnderanstehen
verschwinde,,https://www.dwds.de/wb/etymwb/verschwinde
verlohr,,https://www.dwds.de/wb/etymwb/verlohr
gegruessen,,https://www.dwds.de/wb/etymwb/gegruessen
vbersehen,,https://www.dwds.de/wb/etymwb/vbersehen
unterlegen,lîgen,https://www.dwds.de/wb/etymwb/unterlegen
vielleicht,vlièhen,https://www.dwds.de/wb/etymwb/vielleicht
befürnehmen,,https://www.dwds.de/wb/etymwb/befürnehmen
zuflucht,vlëhten,https://www.dwds.de/wb/etymwb/zuflucht
verlessen,,https://www.dwds.de/wb/etymwb/verlessen
zuuerachten,,https://www.dwds.de/wb/etymwb/zuuerachten
einfloessen,,https://www.dwds.de/wb/etymwb/einfloessen
zuanstehen,,https://www.dwds.de/wb/etymwb/zuanstehen
gebohr,,https://www.dwds.de/wb/etymwb/gebohr
srichten,,https://www.dwds.de/wb/etymwb/srichten
blutsverwandt,,https://www.dwds.de/wb/etymwb/blutsverwandt
verschwende,,https://www.dwds.de/wb/etymwb/verschwende
fverkaufen,,https://www.dwds.de/wb/etymwb/fverkaufen
anreizen,,https://www.dwds.de/wb/etymwb/anreizen
furannehmen,,https://www.dwds.de/wb/etymwb/furannehmen
außgehen,,https://www.dwds.de/wb/etymwb/außgehen
schrift,schrîben,https://www.dwds.de/wb/etymwb/schrift
zuerwerben,,https://www.dwds.de/wb/etymwb/zuerwerben
du,,https://www.dwds.de/wb/etymwb/du
allbereiten,,https://www.dwds.de/wb/etymwb/allbereiten
abgeziehen,,https://www.dwds.de/wb/etymwb/abgeziehen
anzufürnehmen,,https://www.dwds.de/wb/etymwb/anzufürnehmen
suende,,https://www.dwds.de/wb/etymwb/suende
vmbansehen,,https://www.dwds.de/wb/etymwb/vmbansehen
fürlassen,,https://www.dwds.de/wb/etymwb/fürlassen
zusprache,,https://www.dwds.de/wb/etymwb/zusprache
zuübersehen,,https://www.dwds.de/wb/etymwb/zuübersehen
weich,wîchen; wîhen,https://www.dwds.de/wb/etymwb/weich
turren,,https://www.dwds.de/wb/etymwb/turren
gebeid,,https://www.dwds.de/wb/etymwb/gebeid
gehassen,,https://www.dwds.de/wb/etymwb/gehassen
fruntschaffen,,https://www.dwds.de/wb/etymwb/fruntschaffen
längen,,https://www.dwds.de/wb/etymwb/längen
mysseaufgehen,,https://www.dwds.de/wb/etymwb/mysseaufgehen
bischoäffen,,https://www.dwds.de/wb/etymwb/bischoäffen
erschlecht,,https://www.dwds.de/wb/etymwb/erschlecht
zerressen,,https://www.dwds.de/wb/etymwb/zerressen
zweiher,,https://www.dwds.de/wb/etymwb/zweiher
entumfangen,,https://www.dwds.de/wb/etymwb/entumfangen
gabend,,https://www.dwds.de/wb/etymwb/gabend
wideraustreiben,,https://www.dwds.de/wb/etymwb/wideraustreiben
vnmächtig,,https://www.dwds.de/wb/etymwb/vnmächtig
flüge,,https://www.dwds.de/wb/etymwb/flüge
vmbumfangen,,https://www.dwds.de/wb/etymwb/vmbumfangen
llassen,,https://www.dwds.de/wb/etymwb/llassen
pumfangen,,https://www.dwds.de/wb/etymwb/pumfangen
geschlecht,slahen,https://www.dwds.de/wb/etymwb/geschlecht
geliebe,,https://www.dwds.de/wb/etymwb/geliebe
besenden,,https://www.dwds.de/wb/etymwb/besenden
aufblasen,,https://www.dwds.de/wb/etymwb/aufblasen
entkein,,https://www.dwds.de/wb/etymwb/entkein
gliebe,,https://www.dwds.de/wb/etymwb/gliebe
vndank,,https://www.dwds.de/wb/etymwb/vndank
bezalt,,https://www.dwds.de/wb/etymwb/bezalt
volgehen,,https://www.dwds.de/wb/etymwb/volgehen
"""ffrau",,"https://www.dwds.de/wb/etymwb/""ffrau"
kost,klingen,https://www.dwds.de/wb/etymwb/kost
yleweise,,https://www.dwds.de/wb/etymwb/yleweise
beschwert,,https://www.dwds.de/wb/etymwb/beschwert
rjeder,,https://www.dwds.de/wb/etymwb/rjeder
slüge,,https://www.dwds.de/wb/etymwb/slüge
erslüge,,https://www.dwds.de/wb/etymwb/erslüge
fridereich,,https://www.dwds.de/wb/etymwb/fridereich
"""herr",,"https://www.dwds.de/wb/etymwb/""herr"
herheben,,https://www.dwds.de/wb/etymwb/herheben
capitel,,https://www.dwds.de/wb/etymwb/capitel
entkönnen,,https://www.dwds.de/wb/etymwb/entkönnen
verstunde,,https://www.dwds.de/wb/etymwb/verstunde
cziehen,,https://www.dwds.de/wb/etymwb/cziehen
geleiche,,https://www.dwds.de/wb/etymwb/geleiche
vntugend,,https://www.dwds.de/wb/etymwb/vntugend
bissolange,,https://www.dwds.de/wb/etymwb/bissolange
drebe,,https://www.dwds.de/wb/etymwb/drebe
entphangen,,https://www.dwds.de/wb/etymwb/entphangen
noitdürfen,,https://www.dwds.de/wb/etymwb/noitdürfen
vwerwinnen,,https://www.dwds.de/wb/etymwb/vwerwinnen
that,,https://www.dwds.de/wb/etymwb/that
nach,nĕhen,https://www.dwds.de/wb/etymwb/nach
herstechen,,https://www.dwds.de/wb/etymwb/herstechen
herhören,,https://www.dwds.de/wb/etymwb/herhören
ludewig,,https://www.dwds.de/wb/etymwb/ludewig
veraustreiben,,https://www.dwds.de/wb/etymwb/veraustreiben
zulauf,,https://www.dwds.de/wb/etymwb/zulauf
grab,graben,https://www.dwds.de/wb/etymwb/grab
solch,s l i è c h e n,https://www.dwds.de/wb/etymwb/solch
lantgrab,,https://www.dwds.de/wb/etymwb/lantgrab
wist,,https://www.dwds.de/wb/etymwb/wist
funfftausend,,https://www.dwds.de/wb/etymwb/funfftausend
byname,,https://www.dwds.de/wb/etymwb/byname
allerding,,https://www.dwds.de/wb/etymwb/allerding
ausweichen,"[""wîchen""; ""wîhen""",https://www.dwds.de/wb/etymwb/ausweichen
kerben,graben; krêsen,https://www.dwds.de/wb/etymwb/kerben
raumen,,https://www.dwds.de/wb/etymwb/raumen
erwärmen,,https://www.dwds.de/wb/etymwb/erwärmen
umstreichen,,https://www.dwds.de/wb/etymwb/umstreichen
entgehen  ,gên,https://www.dwds.de/wb/etymwb/entgehen  
geschwinden,,https://www.dwds.de/wb/etymwb/geschwinden
pressen,rëspen,https://www.dwds.de/wb/etymwb/pressen
zerreiben,rîben,https://www.dwds.de/wb/etymwb/zerreiben
frauwenmilch,,https://www.dwds.de/wb/etymwb/frauwenmilch
mestehen,,https://www.dwds.de/wb/etymwb/mestehen
muscatenblume,,https://www.dwds.de/wb/etymwb/muscatenblume
verabnehmen,,https://www.dwds.de/wb/etymwb/verabnehmen
bessen,,https://www.dwds.de/wb/etymwb/bessen
legende,lîgen; ligene? but only one. choose lîgen.<|end|><|start|>assistant<|channel|>final<|message|>[ lîgen,https://www.dwds.de/wb/etymwb/legende
gar,gëren,https://www.dwds.de/wb/etymwb/gar
zuoliebe,,https://www.dwds.de/wb/etymwb/zuoliebe
vnversehen,,https://www.dwds.de/wb/etymwb/vnversehen
stand,stân,https://www.dwds.de/wb/etymwb/stand
statt,stêlen,https://www.dwds.de/wb/etymwb/statt
entpumfangen,,https://www.dwds.de/wb/etymwb/entpumfangen
verlieb,,https://www.dwds.de/wb/etymwb/verlieb
verssein,,https://www.dwds.de/wb/etymwb/verssein
zergehen,,https://www.dwds.de/wb/etymwb/zergehen
beklagen,grëllen,https://www.dwds.de/wb/etymwb/beklagen
zerstor,,https://www.dwds.de/wb/etymwb/zerstor
papst,bâgen,https://www.dwds.de/wb/etymwb/papst
buochse,,https://www.dwds.de/wb/etymwb/buochse
erzeugen,zinden,https://www.dwds.de/wb/etymwb/erzeugen
thaben,,https://www.dwds.de/wb/etymwb/thaben
entwachsen,,https://www.dwds.de/wb/etymwb/entwachsen
vnbehend,,https://www.dwds.de/wb/etymwb/vnbehend
eraufheben,,https://www.dwds.de/wb/etymwb/eraufheben
betragen,tragen,https://www.dwds.de/wb/etymwb/betragen
vorweisen,,https://www.dwds.de/wb/etymwb/vorweisen
welch,,https://www.dwds.de/wb/etymwb/welch
alsamt,,https://www.dwds.de/wb/etymwb/alsamt
gräffen,,https://www.dwds.de/wb/etymwb/gräffen
sprecht,,https://www.dwds.de/wb/etymwb/sprecht
audessen,,https://www.dwds.de/wb/etymwb/audessen
widderaussprechen,,https://www.dwds.de/wb/etymwb/widderaussprechen
vorkaufen,,https://www.dwds.de/wb/etymwb/vorkaufen
krauchen,k r i è c h e n,https://www.dwds.de/wb/etymwb/krauchen
hut,,https://www.dwds.de/wb/etymwb/hut
vorgessen,,https://www.dwds.de/wb/etymwb/vorgessen
jnhalten,,https://www.dwds.de/wb/etymwb/jnhalten
zuostehen,,https://www.dwds.de/wb/etymwb/zuostehen
durchwi(e)derfahren,,https://www.dwds.de/wb/etymwb/durchwi(e)derfahren
voransehen,,https://www.dwds.de/wb/etymwb/voransehen
überwerfen,wërfen,https://www.dwds.de/wb/etymwb/überwerfen
zerherflieszen,,https://www.dwds.de/wb/etymwb/zerherflieszen
zusamenbinden,,https://www.dwds.de/wb/etymwb/zusamenbinden
entzuschlieszen,,https://www.dwds.de/wb/etymwb/entzuschlieszen
beantreffen,,https://www.dwds.de/wb/etymwb/beantreffen
gang,gân,https://www.dwds.de/wb/etymwb/gang
zuoeinnehmen,,https://www.dwds.de/wb/etymwb/zuoeinnehmen
abenthaus,,https://www.dwds.de/wb/etymwb/abenthaus
herwi(e)derum,,https://www.dwds.de/wb/etymwb/herwi(e)derum
wasserecht,,https://www.dwds.de/wb/etymwb/wasserecht
flegmatisch,,https://www.dwds.de/wb/etymwb/flegmatisch
durchlaufen,,https://www.dwds.de/wb/etymwb/durchlaufen
beankommen,,https://www.dwds.de/wb/etymwb/beankommen
gegenschein,,https://www.dwds.de/wb/etymwb/gegenschein
burg,turren,https://www.dwds.de/wb/etymwb/burg
sechste,,https://www.dwds.de/wb/etymwb/sechste
vberankommen,,https://www.dwds.de/wb/etymwb/vberankommen
vnaerwinde,,https://www.dwds.de/wb/etymwb/vnaerwinde
vergeessen,,https://www.dwds.de/wb/etymwb/vergeessen
irringen,,https://www.dwds.de/wb/etymwb/irringen
verberg,,https://www.dwds.de/wb/etymwb/verberg
vrsehen,,https://www.dwds.de/wb/etymwb/vrsehen
wissehen,,https://www.dwds.de/wb/etymwb/wissehen
vransehen,,https://www.dwds.de/wb/etymwb/vransehen
enwissen,,https://www.dwds.de/wb/etymwb/enwissen
gerechnen,,https://www.dwds.de/wb/etymwb/gerechnen
werk,wërgen,https://www.dwds.de/wb/etymwb/werk
biname,,https://www.dwds.de/wb/etymwb/biname
bedruessen,,https://www.dwds.de/wb/etymwb/bedruessen
panlegen,,https://www.dwds.de/wb/etymwb/panlegen
hiltebrand,,https://www.dwds.de/wb/etymwb/hiltebrand
hilfe,hëlfen,https://www.dwds.de/wb/etymwb/hilfe
erschein,,https://www.dwds.de/wb/etymwb/erschein
tod,stërben,https://www.dwds.de/wb/etymwb/tod
phängen,,https://www.dwds.de/wb/etymwb/phängen
mannheit,,https://www.dwds.de/wb/etymwb/mannheit
mag,,https://www.dwds.de/wb/etymwb/mag
slügen,,https://www.dwds.de/wb/etymwb/slügen
grosz,,https://www.dwds.de/wb/etymwb/grosz
margrab,,https://www.dwds.de/wb/etymwb/margrab
rynessen,,https://www.dwds.de/wb/etymwb/rynessen
schrjeder,,https://www.dwds.de/wb/etymwb/schrjeder
fauslegen,,https://www.dwds.de/wb/etymwb/fauslegen
schlicht,slîchen,https://www.dwds.de/wb/etymwb/schlicht
gesprache,,https://www.dwds.de/wb/etymwb/gesprache
strebe,stërben,https://www.dwds.de/wb/etymwb/strebe
allesamt,,https://www.dwds.de/wb/etymwb/allesamt
estrich,strîchen; strîten,https://www.dwds.de/wb/etymwb/estrich
alschon,,https://www.dwds.de/wb/etymwb/alschon
beabstehen,,https://www.dwds.de/wb/etymwb/beabstehen
beczwingen,,https://www.dwds.de/wb/etymwb/beczwingen
erfurcht,,https://www.dwds.de/wb/etymwb/erfurcht
weindem,,https://www.dwds.de/wb/etymwb/weindem
allessamt,,https://www.dwds.de/wb/etymwb/allessamt
stätte,stân; stêlen,https://www.dwds.de/wb/etymwb/stätte
verlust,vrièsen,https://www.dwds.de/wb/etymwb/verlust
aus,gân,https://www.dwds.de/wb/etymwb/aus
schalle,,https://www.dwds.de/wb/etymwb/schalle
bleib,,https://www.dwds.de/wb/etymwb/bleib
vndersprechen,,https://www.dwds.de/wb/etymwb/vndersprechen
entwerfen,wërfen,https://www.dwds.de/wb/etymwb/entwerfen
vornennen,,https://www.dwds.de/wb/etymwb/vornennen
ruprecht,,https://www.dwds.de/wb/etymwb/ruprecht
enhaben,,https://www.dwds.de/wb/etymwb/enhaben
belügen,bëlgen,https://www.dwds.de/wb/etymwb/belügen
anmitbringen,,https://www.dwds.de/wb/etymwb/anmitbringen
strichten,,https://www.dwds.de/wb/etymwb/strichten
nürrecht,,https://www.dwds.de/wb/etymwb/nürrecht
enstumfangen,,https://www.dwds.de/wb/etymwb/enstumfangen
woalt,,https://www.dwds.de/wb/etymwb/woalt
thure,,https://www.dwds.de/wb/etymwb/thure
vnuersonne,,https://www.dwds.de/wb/etymwb/vnuersonne
wurot,,https://www.dwds.de/wb/etymwb/wurot
abfürnehmen,,https://www.dwds.de/wb/etymwb/abfürnehmen
macht,mūgen,https://www.dwds.de/wb/etymwb/macht
verhölle,,https://www.dwds.de/wb/etymwb/verhölle
schliessen,,https://www.dwds.de/wb/etymwb/schliessen
gelacht,,https://www.dwds.de/wb/etymwb/gelacht
stock,stân,https://www.dwds.de/wb/etymwb/stock
getrank,,https://www.dwds.de/wb/etymwb/getrank
zusammenrechnen,,https://www.dwds.de/wb/etymwb/zusammenrechnen
außwissen,,https://www.dwds.de/wb/etymwb/außwissen
behalt,,https://www.dwds.de/wb/etymwb/behalt
vßwissen,,https://www.dwds.de/wb/etymwb/vßwissen
fuorkommen,,https://www.dwds.de/wb/etymwb/fuorkommen
onwissen,,https://www.dwds.de/wb/etymwb/onwissen
volnbringen,,https://www.dwds.de/wb/etymwb/volnbringen
stueckweise,,https://www.dwds.de/wb/etymwb/stueckweise
dowglas,,https://www.dwds.de/wb/etymwb/dowglas
vbertreffen,,https://www.dwds.de/wb/etymwb/vbertreffen
entkommen,komen,https://www.dwds.de/wb/etymwb/entkommen
wuerde,,https://www.dwds.de/wb/etymwb/wuerde
heisz,,https://www.dwds.de/wb/etymwb/heisz
verliessen,,https://www.dwds.de/wb/etymwb/verliessen
goessen,,https://www.dwds.de/wb/etymwb/goessen
kuenden,,https://www.dwds.de/wb/etymwb/kuenden
verabschlagen,,https://www.dwds.de/wb/etymwb/verabschlagen
verstechen,,https://www.dwds.de/wb/etymwb/verstechen
Prag,,https://www.dwds.de/wb/etymwb/Prag
troestetig,,https://www.dwds.de/wb/etymwb/troestetig
schnjeder,,https://www.dwds.de/wb/etymwb/schnjeder
verzustehen,,https://www.dwds.de/wb/etymwb/verzustehen
auffauferstehen,,https://www.dwds.de/wb/etymwb/auffauferstehen
erlang,,https://www.dwds.de/wb/etymwb/erlang
suenden,,https://www.dwds.de/wb/etymwb/suenden
zuverhängen,,https://www.dwds.de/wb/etymwb/zuverhängen
allgemach,,https://www.dwds.de/wb/etymwb/allgemach
abschaf,,https://www.dwds.de/wb/etymwb/abschaf
bemühe,,https://www.dwds.de/wb/etymwb/bemühe
heimfahren,,https://www.dwds.de/wb/etymwb/heimfahren
aneinfangen,,https://www.dwds.de/wb/etymwb/aneinfangen
gottesdienst,,https://www.dwds.de/wb/etymwb/gottesdienst
esse,esse,https://www.dwds.de/wb/etymwb/esse
anrausätzen,,https://www.dwds.de/wb/etymwb/anrausätzen
vngerecht,,https://www.dwds.de/wb/etymwb/vngerecht
verursache,,https://www.dwds.de/wb/etymwb/verursache
auffgewachsen,,https://www.dwds.de/wb/etymwb/auffgewachsen
beweisz,,https://www.dwds.de/wb/etymwb/beweisz
kosthaus,,https://www.dwds.de/wb/etymwb/kosthaus
inmessen,,https://www.dwds.de/wb/etymwb/inmessen
unangesehen,,https://www.dwds.de/wb/etymwb/unangesehen
fortitudein,,https://www.dwds.de/wb/etymwb/fortitudein
menschenfleisch,,https://www.dwds.de/wb/etymwb/menschenfleisch
hulffreich,,https://www.dwds.de/wb/etymwb/hulffreich
insehen,,https://www.dwds.de/wb/etymwb/insehen
deroweg,,https://www.dwds.de/wb/etymwb/deroweg
ueberziehen,,https://www.dwds.de/wb/etymwb/ueberziehen
understunde,,https://www.dwds.de/wb/etymwb/understunde
thueringen,,https://www.dwds.de/wb/etymwb/thueringen
befleisz,,https://www.dwds.de/wb/etymwb/befleisz
ueberlassen,,https://www.dwds.de/wb/etymwb/ueberlassen
landgrab,,https://www.dwds.de/wb/etymwb/landgrab
bescheidenheit,schîden,https://www.dwds.de/wb/etymwb/bescheidenheit
landgraf,,https://www.dwds.de/wb/etymwb/landgraf
darmstehen,,https://www.dwds.de/wb/etymwb/darmstehen
geehliegen,,https://www.dwds.de/wb/etymwb/geehliegen
dinstag,,https://www.dwds.de/wb/etymwb/dinstag
nachzutrachten,,https://www.dwds.de/wb/etymwb/nachzutrachten
ganerbe,,https://www.dwds.de/wb/etymwb/ganerbe
aneinnehmen,,https://www.dwds.de/wb/etymwb/aneinnehmen
gleichübereinstimmen,,https://www.dwds.de/wb/etymwb/gleichübereinstimmen
als,,https://www.dwds.de/wb/etymwb/als
splassen,,https://www.dwds.de/wb/etymwb/splassen
link,lingen,https://www.dwds.de/wb/etymwb/link
entfieng,,https://www.dwds.de/wb/etymwb/entfieng
aneingehen,,https://www.dwds.de/wb/etymwb/aneingehen
silberreich,,https://www.dwds.de/wb/etymwb/silberreich
erdreich,grîhen,https://www.dwds.de/wb/etymwb/erdreich
brandstolle,,https://www.dwds.de/wb/etymwb/brandstolle
newdorf,,https://www.dwds.de/wb/etymwb/newdorf
darrecht,,https://www.dwds.de/wb/etymwb/darrecht
vberschieszen,,https://www.dwds.de/wb/etymwb/vberschieszen
allegemach,,https://www.dwds.de/wb/etymwb/allegemach
rindtfleisch,,https://www.dwds.de/wb/etymwb/rindtfleisch
oxenzunge,,https://www.dwds.de/wb/etymwb/oxenzunge
halt,halten,https://www.dwds.de/wb/etymwb/halt
auffriechen,,https://www.dwds.de/wb/etymwb/auffriechen
geanstehen,,https://www.dwds.de/wb/etymwb/geanstehen
trucknusz,,https://www.dwds.de/wb/etymwb/trucknusz
vnbesonne,,https://www.dwds.de/wb/etymwb/vnbesonne
geschrauben,,https://www.dwds.de/wb/etymwb/geschrauben
